date,S&P500,나스닥100,나스닥종합,다우존스,러셀2000,반도체(SOX),QQQ(나100 1x),QLD(나100 2x),TQQQ(나100 3x),SPY(S&P 1x),SSO(S&P 2x),UPRO(S&P 3x),SOXX(반도체 1x),SOXL(반도체 3x),DIA(다우 1x),UDOW(다우 3x),IWM(러셀 1x),TNA(러셀 3x)
1927-12-31,100.0,,,,,,,,,,,,,,,,,
1928-01-31,99.49037285749989,,,,,,,,,,,,,,,,,
1928-02-29,97.73499647799323,,,,,,,,,,,,,,,,,
1928-03-31,109.1732777646133,,,,,,,,,,,,,,,,,
1928-04-30,111.83465555292267,,,,,,,,,,,,,,,,,
1928-05-31,113.25028410422549,,,,,,,,,,,,,,,,,
1928-06-30,108.3805184316194,,,,,,,,,,,,,,,,,
1928-07-31,110.02265273531724,,,,,,,,,,,,,,,,,
1928-08-31,118.17667621493032,,,,,,,,,,,,,,,,,
1928-09-30,119.70554684204193,,,,,,,,,,,,,,,,,
1928-10-31,122.76330969704262,,,,,,,,,,,,,,,,,
1928-11-30,137.48584879066968,,,,,,,,,,,,,,,,,
1928-12-31,137.88222305697226,,,,,,,,,,,,,,,,,
1929-01-31,145.75311434609154,,,,,,,,,,,,,,,,,
1929-02-28,144.9037393753876,,,,,,,,,,,,,,,,,
1929-03-31,144.56399154718375,,,,,,,,,,,,,,,,,
1929-04-30,146.8856215072893,,,,,,,,,,,,,,,,,
1929-05-31,140.60022728338038,,,,,,,,,,,,,,,,,
1929-06-30,155.20951350080992,,,,,,,,,,,,,,,,,
1929-07-31,163.53340549433057,,,,,,,,,,,,,,,,,
1929-08-31,179.5583202630629,,,,,,,,,,,,,,,,,
1929-09-30,170.78142756514092,,,,,,,,,,,,,,,,,
1929-10-31,136.74971589577453,,,,,,,,,,,,,,,,,
1929-11-30,118.4597976050354,,,,,,,,,,,,,,,,,
1929-12-31,121.46093402193732,,,,,,,,,,,,,,,,,
1930-01-31,129.0487039209515,,,,,,,,,,,,,,,,,
1930-02-28,131.8233345854584,,,,,,,,,,,,,,,,,
1930-03-31,136.74971589577453,,,,,,,,,,,,,,,,,
1930-04-30,140.996601549683,,,,,,,,,,,,,,,,,
1930-05-31,138.67497158957744,,,,,,,,,,,,,,,,,
1930-06-30,115.85503545443608,,,,,,,,,,,,,,,,,
1930-07-31,120.10192110834453,,,,,,,,,,,,,,,,,
1930-08-31,121.00793331753596,,,,,,,,,,,,,,,,,
1930-09-30,105.26613993890868,,,,,,,,,,,,,,,,,
1930-10-31,95.92299366038782,,,,,,,,,,,,,,,,,
1930-11-30,92.75197792918964,,,,,,,,,,,,,,,,,
1930-12-31,86.86296877197204,,,,,,,,,,,,,,,,,
1931-01-31,91.67610800647937,,,,,,,,,,,,,,,,,
1931-02-28,102.09513500809922,,,,,,,,,,,,,,,,,
1931-03-31,94.507365109085,,,,,,,,,,,,,,,,,
1931-04-30,85.44734022066922,,,,,,,,,,,,,,,,,
1931-05-31,73.72593754394408,,,,,,,,,,,,,,,,,
1931-06-30,83.97508523126764,,,,,,,,,,,,,,,,,
1931-07-31,77.7463174454575,,,,,,,,,,,,,,,,,
1931-08-31,78.48244494015829,,,,,,,,,,,,,,,,,
1931-09-30,54.98301314860925,,,,,,,,,,,,,,,,,
1931-10-31,59.06002488841578,,,,,,,,,,,,,,,,,
1931-11-30,53.793884949507095,,,,,,,,,,,,,,,,,
1931-12-31,45.979614698292224,,,,,,,,,,,,,,,,,
1932-01-31,44.96036311338918,,,,,,,,,,,,,,,,,
1932-02-29,46.942242545193686,,,,,,,,,,,,,,,,,
1932-03-31,41.39297851608275,,,,,,,,,,,,,,,,,
1932-04-30,33.01245738436618,,,,,,,,,,,,,,,,,
1932-05-31,25.311437309251634,,,,,,,,,,,,,,,,,
1932-06-30,25.084936957050957,,,,,,,,,,,,,,,,,
1932-07-31,34.144961845466746,,,,,,,,,,,,,,,,,
1932-08-31,47.50849612579256,,,,,,,,,,,,,,,,,
1932-09-30,45.75311434609154,,,,,,,,,,,,,,,,,
1932-10-31,39.41109908427824,,,,,,,,,,,,,,,,,
1932-11-30,37.089469124172716,,,,,,,,,,,,,,,,,
1932-12-31,39.18459873207756,,,,,,,,,,,,,,,,,
1933-01-31,39.297848908177905,,,,,,,,,,,,,,,,,
1933-02-28,32.04982953746472,,,,,,,,,,,,,,,,,
1933-03-31,33.125707560466516,,,,,,,,,,,,,,,,,
1933-04-30,44.337485794788726,,,,,,,,,,,,,,,,,
1933-05-31,54.58663888230665,,,,,,,,,,,,,,,,,
1933-06-30,61.778029114823894,,,,,,,,,,,,,,,,,
1933-07-31,56.3420152618133,,,,,,,,,,,,,,,,,
1933-08-31,62.797283399824124,,,,,,,,,,,,,,,,,
1933-09-30,55.039639586708,,,,,,,,,,,,,,,,,
1933-10-31,50.73612749470079,,,,,,,,,,,,,,,,,
1933-11-30,55.945640995510715,,,,,,,,,,,,,,,,,
1933-12-31,56.45526813801083,,,,,,,,,,,,,,,,,
1934-01-31,63.25028410422547,,,,,,,,,,,,,,,,,
1934-02-28,60.92865414411995,,,,,,,,,,,,,,,,,
1934-03-31,60.135900211320404,,,,,,,,,,,,,,,,,
1934-04-30,59.2298988025177,,,,,,,,,,,,,,,,,
1934-05-31,54.41675956801038,,,,,,,,,,,,,,,,,
1934-06-30,55.549266729208114,,,,,,,,,,,,,,,,,
1934-07-31,49.15062502929605,,,,,,,,,,,,,,,,,
1934-08-31,51.8120028176054,,,,,,,,,,,,,,,,,
1934-09-30,51.41562855130282,,,,,,,,,,,,,,,,,
1934-10-31,49.88675252399684,,,,,,,,,,,,,,,,,
1934-11-30,54.020385301707776,,,,,,,,,,,,,,,,,
1934-12-31,53.793884949507095,,,,,,,,,,,,,,,,,
1935-01-31,51.52888142750034,,,,,,,,,,,,,,,,,
1935-02-28,49.490372857499885,,,,,,,,,,,,,,,,,
1935-03-31,47.848243953996395,,,,,,,,,,,,,,,,,
1935-04-30,52.5481303123062,,,,,,,,,,,,,,,,,
1935-05-31,54.246885653908464,,,,,,,,,,,,,,,,,
1935-06-30,57.9841441653168,,,,,,,,,,,,,,,,,
1935-07-31,62.74065696172537,,,,,,,,,,,,,,,,,
1935-08-31,63.64665837052807,,,,,,,,,,,,,,,,,
1935-09-30,65.62854050242977,,,,,,,,,,,,,,,,,
1935-10-31,70.55492721294024,,,,,,,,,,,,,,,,,
1935-11-30,73.27293143934837,,,,,,,,,,,,,,,,,
1935-12-31,76.04756750404961,,,,,,,,,,,,,,,,,
1936-01-31,81.03058065265884,,,,,,,,,,,,,,,,,
1936-02-29,82.67270955616235,,,,,,,,,,,,,,,,,
1936-03-31,84.48471237376776,,,,,,,,,,,,,,,,,
1936-04-30,77.97282319785253,,,,,,,,,,,,,,,,,
1936-05-31,81.5402023949646,,,,,,,,,,,,,,,,,
1936-06-30,84.0317116693664,,,,,,,,,,,,,,,,,
1936-07-31,89.75085231267643,,,,,,,,,,,,,,,,,
1936-08-31,90.54360084528163,,,,,,,,,,,,,,,,,
1936-09-30,90.65685372147915,,,,,,,,,,,,,,,,,
1936-10-31,97.56511716369695,,,,,,,,,,,,,,,,,
1936-11-30,97.84824935419076,,,,,,,,,,,,,,,,,
1936-12-31,97.28199577359187,,,,,,,,,,,,,,,,,
1937-01-31,100.62288001869763,,,,,,,,,,,,,,,,,
1937-02-28,102.26500352200677,,,,,,,,,,,,,,,,,
1937-03-31,101.47225498940158,,,,,,,,,,,,,,,,,
1937-04-30,93.03511011968342,,,,,,,,,,,,,,,,,
1937-05-31,92.07248227278197,,,,,,,,,,,,,,,,,
1937-06-30,87.20271660017588,,,,,,,,,,,,,,,,,
1937-07-31,94.96036581348636,,,,,,,,,,,,,,,,,
1937-08-31,90.82673303577542,,,,,,,,,,,,,,,,,
1937-09-30,77.91619675975377,,,,,,,,,,,,,,,,,
1937-10-31,69.93205259443698,,,,,,,,,,,,,,,,,
1937-11-30,62.910530875827284,,,,,,,,,,,,,,,,,
1937-12-31,59.73952594501781,,,,,,,,,,,,,,,,,
1938-01-31,60.53227447762299,,,,,,,,,,,,,,,,,
1938-02-28,64.21291195112696,,,,,,,,,,,,,,,,,
1938-03-31,48.13137074429583,,,,,,,,,,,,,,,,,
1938-04-30,55.37938741491184,,,,,,,,,,,,,,,,,
1938-05-31,52.49150927440181,,,,,,,,,,,,,,,,,
1938-06-30,65.45866658832786,,,,,,,,,,,,,,,,,
1938-07-31,69.81879971823946,,,,,,,,,,,,,,,,,
1938-08-31,68.28992369093349,,,,,,,,,,,,,,,,,
1938-09-30,69.30917257573934,,,,,,,,,,,,,,,,,
1938-10-31,74.57531251464803,,,,,,,,,,,,,,,,,
1938-11-30,72.08380324024623,,,,,,,,,,,,,,,,,
1938-12-31,74.40543860054612,,,,,,,,,,,,,,,,,
1939-01-31,69.64892580413753,,,,,,,,,,,,,,,,,
1939-02-28,71.91392932614431,,,,,,,,,,,,,,,,,
1939-03-31,62.174403381126496,,,,,,,,,,,,,,,,,
1939-04-30,61.891281991021415,,,,,,,,,,,,,,,,,
1939-05-31,65.68516694052853,,,,,,,,,,,,,,,,,
1939-06-30,61.49490232452447,,,,,,,,,,,,,,,,,
1939-07-31,68.17667081473596,,,,,,,,,,,,,,,,,
1939-08-31,63.30691054232423,,,,,,,,,,,,,,,,,
1939-09-30,72.42355646864442,,,,,,,,,,,,,,,,,
1939-10-31,72.6500568208451,,,,,,,,,,,,,,,,,
1939-11-30,69.08267222353867,,,,,,,,,,,,,,,,,
1939-12-31,70.55492721294024,,,,,,,,,,,,,,,,,
1940-01-31,68.23329725283472,,,,,,,,,,,,,,,,,
1940-02-29,68.68629795723608,,,,,,,,,,,,,,,,,
1940-03-31,68.96942474753551,,,,,,,,,,,,,,,,,
1940-04-30,69.0260457854399,,,,,,,,,,,,,,,,,
1940-05-31,52.49150927440181,,,,,,,,,,,,,,,,,
1940-06-30,56.51188917591522,,,,,,,,,,,,,,,,,
1940-07-31,58.26727095561623,,,,,,,,,,,,,,,,,
1940-08-31,59.456399154718376,,,,,,,,,,,,,,,,,
1940-09-30,60.36240056352108,,,,,,,,,,,,,,,,,
1940-10-31,62.74065696172537,,,,,,,,,,,,,,,,,
1940-11-30,59.85277342102096,,,,,,,,,,,,,,,,,
1940-12-31,59.90939985911973,,,,,,,,,,,,,,,,,
1941-01-31,57.02151631841533,,,,,,,,,,,,,,,,,
1941-02-28,56.17214134771139,,,,,,,,,,,,,,,,,
1941-03-31,56.39864169991207,,,,,,,,,,,,,,,,,
1941-04-30,52.71800962660248,,,,,,,,,,,,,,,,,
1941-05-31,53.11438389290507,,,,,,,,,,,,,,,,,
1941-06-30,55.77576708140879,,,,,,,,,,,,,,,,,
1941-07-31,58.83352453621511,,,,,,,,,,,,,,,,,
1941-08-31,58.21064451751747,,,,,,,,,,,,,,,,,
1941-09-30,57.75764381311612,,,,,,,,,,,,,,,,,
1941-10-31,53.793884949507095,,,,,,,,,,,,,,,,,
1941-11-30,51.64212890350349,,,,,,,,,,,,,,,,,
1941-12-31,49.20724606720045,,,,,,,,,,,,,,,,,
1942-01-31,50.11325287619752,,,,,,,,,,,,,,,,,
1942-02-28,48.64099788679594,,,,,,,,,,,,,,,,,
1942-03-31,45.356740079788956,,,,,,,,,,,,,,,,,
1942-04-30,43.374857947887264,,,,,,,,,,,,,,,,,
1942-05-31,46.14948861239414,,,,,,,,,,,,,,,,,
1942-06-30,46.998868983292446,,,,,,,,,,,,,,,,,
1942-07-31,48.47112397269402,,,,,,,,,,,,,,,,,
1942-08-31,48.81087180089786,,,,,,,,,,,,,,,,,
1942-09-30,50.11325287619752,,,,,,,,,,,,,,,,,
1942-10-31,53.00113101670756,,,,,,,,,,,,,,,,,
1942-11-30,52.60475675040496,,,,,,,,,,,,,,,,,
1942-12-31,55.32276637700744,,,,,,,,,,,,,,,,,
1943-01-31,59.116645926320174,,,,,,,,,,,,,,,,,
1943-02-28,62.117782343222096,,,,,,,,,,,,,,,,,
1943-03-31,65.57191406433101,,,,,,,,,,,,,,,,,
1943-04-30,65.62854050242977,,,,,,,,,,,,,,,,,
1943-05-31,68.23329725283472,,,,,,,,,,,,,,,,,
1943-06-30,69.93205259443698,,,,,,,,,,,,,,,,,
1943-07-31,67.10079549183135,,,,,,,,,,,,,,,,,
1943-08-31,66.8176687015319,,,,,,,,,,,,,,,,,
1943-09-30,68.40317116693664,,,,,,,,,,,,,,,,,
1943-10-31,67.44054332003518,,,,,,,,,,,,,,,,,
1943-11-30,62.40090913352153,,,,,,,,,,,,,,,,,
1943-12-31,66.08154120683112,,,,,,,,,,,,,,,,,
1944-01-31,67.10079549183135,,,,,,,,,,,,,,,,,
1944-02-29,66.93091617753507,,,,,,,,,,,,,,,,,
1944-03-31,68.0634233387328,,,,,,,,,,,,,,,,,
1944-04-30,67.2140429678345,,,,,,,,,,,,,,,,,
1944-05-31,69.93205259443698,,,,,,,,,,,,,,,,,
1944-06-30,73.49943179154904,,,,,,,,,,,,,,,,,
1944-07-31,71.97055576424307,,,,,,,,,,,,,,,,,
1944-08-31,72.59343038274633,,,,,,,,,,,,,,,,,
1944-09-30,72.14042967834499,,,,,,,,,,,,,,,,,
1944-10-31,72.36693003054566,,,,,,,,,,,,,,,,,
1944-11-30,72.6500568208451,,,,,,,,,,,,,,,,,
1944-12-31,75.1981871331513,,,,,,,,,,,,,,,,,
1945-01-31,76.27406785625028,,,,,,,,,,,,,,,,,
1945-02-28,80.9739542145601,,,,,,,,,,,,,,,,,
1945-03-31,77.06681638885546,,,,,,,,,,,,,,,,,
1945-04-30,84.0317116693664,,,,,,,,,,,,,,,,,
1945-05-31,84.99433951626787,,,,,,,,,,,,,,,,,
1945-06-30,84.20158558346832,,,,,,,,,,,,,,,,,
1945-07-31,83.01245738436617,,,,,,,,,,,,,,,,,
1945-08-31,87.8255966188735,,,,,,,,,,,,,,,,,
1945-09-30,90.88334867348546,,,,,,,,,,,,,,,,,
1945-10-31,94.28085935668996,,,,,,,,,,,,,,,,,
1945-11-30,97.33862221169063,,,,,,,,,,,,,,,,,
1945-12-31,98.3012500585921,,,,,,,,,,,,,,,,,
1946-01-31,105.15288706271116,,,,,,,,,,,,,,,,,
1946-02-28,97.84824935419076,,,,,,,,,,,,,,,,,
1946-03-31,102.15176144619798,,,,,,,,,,,,,,,,,
1946-04-30,106.22876778581013,,,,,,,,,,,,,,,,,
1946-05-31,108.60702418401442,,,,,,,,,,,,,,,,,
1946-06-30,104.36013853010597,,,,,,,,,,,,,,,,,
1946-07-31,101.69874994140788,,,,,,,,,,,,,,,,,
1946-08-31,94.28085935668996,,,,,,,,,,,,,,,,,
1946-09-30,84.71121272596844,,,,,,,,,,,,,,,,,
1946-10-31,84.0317116693664,,,,,,,,,,,,,,,,,
1946-11-30,83.12571026056371,,,,,,,,,,,,,,,,,
1946-12-31,86.63646841977136,,,,,,,,,,,,,,,,,
1947-01-31,88.67497158957745,,,,,,,,,,,,,,,,,
1947-02-28,87.37259591447216,,,,,,,,,,,,,,,,,
1947-03-31,85.90034092507057,,,,,,,,,,,,,,,,,
1947-04-30,82.55945667996482,,,,,,,,,,,,,,,,,
1947-05-31,81.82332918526404,,,,,,,,,,,,,,,,,
1947-06-30,86.12684127727125,,,,,,,,,,,,,,,,,
1947-07-31,89.24122517017634,,,,,,,,,,,,,,,,,
1947-08-31,86.74971589577453,,,,,,,,,,,,,,,,,
1947-09-30,85.56058769667237,,,,,,,,,,,,,,,,,
1947-10-31,87.37259591447216,,,,,,,,,,,,,,,,,
1947-11-30,84.82446020197159,,,,,,,,,,,,,,,,,
1947-12-31,86.63646841977136,,,,,,,,,,,,,,,,,
1948-01-31,83.12571026056371,,,,,,,,,,,,,,,,,
1948-02-29,78.87882460665524,,,,,,,,,,,,,,,,,
1948-03-31,85.39071378257046,,,,,,,,,,,,,,,,,
1948-04-30,87.65571730457722,,,,,,,,,,,,,,,,,
1948-05-31,94.507365109085,,,,,,,,,,,,,,,,,
1948-06-30,94.79048649919008,,,,,,,,,,,,,,,,,
1948-07-31,89.75085231267643,,,,,,,,,,,,,,,,,
1948-08-31,90.43035336927846,,,,,,,,,,,,,,,,,
1948-09-30,87.712343742676,,,,,,,,,,,,,,,,,
1948-10-31,93.43148438598602,,,,,,,,,,,,,,,,,
1948-11-30,83.5220845268663,,,,,,,,,,,,,,,,,
1948-12-31,86.0702148391725,,,,,,,,,,,,,,,,,
1949-01-31,86.18346771537001,,,,,,,,,,,,,,,,,
1949-02-28,82.7859570321655,,,,,,,,,,,,,,,,,
1949-03-31,85.2774663065673,,,,,,,,,,,,,,,,,
1949-04-30,83.29558417466562,,,,,,,,,,,,,,,,,
1949-05-31,80.35107419586247,,,,,,,,,,,,,,,,,
1949-06-30,80.18120028176054,,,,,,,,,,,,,,,,,
1949-07-31,85.16421343036978,,,,,,,,,,,,,,,,,
1949-08-31,86.18346771537001,,,,,,,,,,,,,,,,,
1949-09-30,88.2219708851761,,,,,,,,,,,,,,,,,
1949-10-31,90.82673303577542,,,,,,,,,,,,,,,,,
1949-11-30,90.93997511158422,,,,,,,,,,,,,,,,,
1949-12-31,95.07361868968388,,,,,,,,,,,,,,,,,
1950-01-31,96.54586287869674,,,,,,,,,,,,,,,,,
1950-02-28,97.5084907255982,,,,,,,,,,,,,,,,,
1950-03-31,97.90487579228952,,,,,,,,,,,,,,,,,
1950-04-30,101.69874994140788,,,,,,,,,,,,,,,,,
1950-05-31,106.34202066200767,,,,,,,,,,,,,,,,,
1950-06-30,100.16987931429628,,,,,,,,,,,,,,,,,
1950-07-31,101.01925428500023,,,,,,,,,,,,,,,,,
1950-08-31,104.30351209200721,,,,,,,,,,,,,,,,,
1950-09-30,110.13590561151476,,,,,,,,,,,,,,,,,
1950-10-31,110.58890631591612,,,,,,,,,,,,,,,,,
1950-11-30,110.47565343971861,,,,,,,,,,,,,,,,,
1950-12-31,115.68516694052853,,,,,,,,,,,,,,,,,
1951-01-31,122.6500568208451,,,,,,,,,,,,,,,,,
1951-02-28,123.4428053534503,,,,,,,,,,,,,,,,,
1951-03-31,121.63080253584486,,,,,,,,,,,,,,,,,
1951-04-30,127.01019535095107,,,,,,,,,,,,,,,,,
1951-05-31,121.8573082882399,,,,,,,,,,,,,,,,,
1951-06-30,118.68629255704171,,,,,,,,,,,,,,,,,
1951-07-31,126.8403160366548,,,,,,,,,,,,,,,,,
1951-08-31,131.8233345854584,,,,,,,,,,,,,,,,,
1951-09-30,131.7100817092609,,,,,,,,,,,,,,,,,
1951-10-31,129.89807889165547,,,,,,,,,,,,,,,,,
1951-11-30,129.5583202630629,,,,,,,,,,,,,,,,,
1951-12-31,134.59796524996528,,,,,,,,,,,,,,,,,
1952-01-31,136.69308945767574,,,,,,,,,,,,,,,,,
1952-02-29,131.7100817092609,,,,,,,,,,,,,,,,,
1952-03-31,137.99547593316979,,,,,,,,,,,,,,,,,
1952-04-30,132.04982953746472,,,,,,,,,,,,,,,,,
1952-05-31,135.1075923924654,,,,,,,,,,,,,,,,,
1952-06-30,141.33634937788682,,,,,,,,,,,,,,,,,
1952-07-31,143.82785865228863,,,,,,,,,,,,,,,,,
1952-08-31,141.7327344445781,,,,,,,,,,,,,,,,,
1952-09-30,138.95810378007124,,,,,,,,,,,,,,,,,
1952-10-31,138.84485090387372,,,,,,,,,,,,,,,,,
1952-11-30,145.3001136416902,,,,,,,,,,,,,,,,,
1952-12-31,150.45300070440135,,,,,,,,,,,,,,,,,
1953-01-31,149.37711998130237,,,,,,,,,,,,,,,,,
1953-02-28,146.65911575489426,,,,,,,,,,,,,,,,,
1953-03-31,143.2049894339797,,,,,,,,,,,,,,,,,
1953-04-30,139.41110448447262,,,,,,,,,,,,,,,,,
1953-05-31,138.95810378007124,,,,,,,,,,,,,,,,,
1953-06-30,136.69308945767574,,,,,,,,,,,,,,,,,
1953-07-31,140.14722657897903,,,,,,,,,,,,,,,,,
1953-08-31,132.04982953746472,,,,,,,,,,,,,,,,,
1953-09-30,132.219708851761,,,,,,,,,,,,,,,,,
1953-10-31,138.95810378007124,,,,,,,,,,,,,,,,,
1953-11-30,140.2038530170778,,,,,,,,,,,,,,,,,
1953-12-31,140.48697440718288,,,,,,,,,,,,,,,,,
1954-01-31,147.67837003989447,,,,,,,,,,,,,,,,,
1954-02-28,148.07474430619706,,,,,,,,,,,,,,,,,
1954-03-31,152.54813571250057,,,,,,,,,,,,,,,,,
1954-04-30,160.02265273531725,,,,,,,,,,,,,,,,,
1954-05-31,165.28879267422593,,,,,,,,,,,,,,,,,
1954-06-30,165.40203475003472,,,,,,,,,,,,,,,,,
1954-07-31,174.8584339047531,,,,,,,,,,,,,,,,,
1954-08-31,168.91279830943674,,,,,,,,,,,,,,,,,
1954-09-30,182.95584174665615,,,,,,,,,,,,,,,,,
1954-10-31,179.38845174915537,,,,,,,,,,,,,,,,,
1954-11-30,193.8844958907761,,,,,,,,,,,,,,,,,
1954-12-31,203.73725851140833,,,,,,,,,,,,,,,,,
1955-01-31,207.41790138510666,,,,,,,,,,,,,,,,,
1955-02-28,208.15401267922434,,,,,,,,,,,,,,,,,
1955-03-31,207.1347799950016,,,,,,,,,,,,,,,,,
1955-04-30,214.9490340456334,,,,,,,,,,,,,,,,,
1955-05-31,214.66591265552827,,,,,,,,,,,,,,,,,
1955-06-30,232.33295092756978,,,,,,,,,,,,,,,,,
1955-07-31,246.43262080288793,,,,,,,,,,,,,,,,,
1955-08-31,244.507365109085,,,,,,,,,,,,,,,,,
1955-09-30,247.28198497320318,,,,,,,,,,,,,,,,,
1955-10-31,239.75085231267644,,,,,,,,,,,,,,,,,
1955-11-30,257.701011974823,,,,,,,,,,,,,,,,,
1955-12-31,257.5311434609155,,,,,,,,,,,,,,,,,
1956-01-31,248.13137074429582,,,,,,,,,,,,,,,,,
1956-02-29,256.7383949283103,,,,,,,,,,,,,,,,,
1956-03-31,274.5186860765493,,,,,,,,,,,,,,,,,
1956-04-30,273.95244329633914,,,,,,,,,,,,,,,,,
1956-05-31,255.9456463957051,,,,,,,,,,,,,,,,,
1956-06-30,265.9682991310223,,,,,,,,,,,,,,,,,
1956-07-31,279.67157313926043,,,,,,,,,,,,,,,,,
1956-08-31,269.02604038524555,,,,,,,,,,,,,,,,,
1956-09-30,256.7950105660203,,,,,,,,,,,,,,,,,
1956-10-31,258.097407841903,,,,,,,,,,,,,,,,,
1956-11-30,255.2661507392974,,,,,,,,,,,,,,,,,
1956-12-31,264.269527588837,,,,,,,,,,,,,,,,,
1957-01-31,253.22764216929693,,,,,,,,,,,,,,,,,
1957-02-28,244.96035501309765,,,,,,,,,,,,,,,,,
1957-03-31,249.77350504799367,,,,,,,,,,,,,,,,,
1957-04-30,259.0034092507057,,,,,,,,,,,,,,,,,
1957-05-31,268.57305048123294,,,,,,,,,,,,,,,,,
1957-06-30,268.2332918526404,,,,,,,,,,,,,,,,,
1957-07-31,271.291054707641,,,,,,,,,,,,,,,,,
1957-08-31,256.0588992719026,,,,,,,,,,,,,,,,,
1957-09-30,240.20384221668905,,,,,,,,,,,,,,,,,
1957-10-31,232.5028410422548,,,,,,,,,,,,,,,,,
1957-11-30,236.24009955366313,,,,,,,,,,,,,,,,,
1957-12-31,226.44395257074095,,,,,,,,,,,,,,,,,
1958-01-31,236.1268466774656,,,,,,,,,,,,,,,,,
1958-02-28,231.25708100485954,,,,,,,,,,,,,,,,,
1958-03-31,238.39183939908364,,,,,,,,,,,,,,,,,
1958-04-30,245.97960929809787,,,,,,,,,,,,,,,,,
1958-05-31,249.66025217179615,,,,,,,,,,,,,,,,,
1958-06-30,256.1721521481001,,,,,,,,,,,,,,,,,
1958-07-31,267.2140375676401,,,,,,,,,,,,,,,,,
1958-08-31,270.38505329883833,,,,,,,,,,,,,,,,,
1958-09-30,283.4654688891562,,,,,,,,,,,,,,,,,
1958-10-31,290.6568645218679,,,,,,,,,,,,,,,,,
1958-11-30,297.1687428973944,,,,,,,,,,,,,,,,,
1958-12-31,312.6274040855278,,,,,,,,,,,,,,,,,
1959-01-31,313.9864169991206,,,,,,,,,,,,,,,,,
1959-02-28,313.75991124672555,,,,,,,,,,,,,,,,,
1959-03-31,313.92977976063315,,,,,,,,,,,,,,,,,
1959-04-30,326.10419394214836,,,,,,,,,,,,,,,,,
1959-05-31,332.27633528985973,,,,,,,,,,,,,,,,,
1959-06-30,331.08721249095197,,,,,,,,,,,,,,,,,
1959-07-31,342.6387250529921,,,,,,,,,,,,,,,,,
1959-08-31,337.4858379902809,,,,,,,,,,,,,,,,,
1959-09-30,322.08381404063493,,,,,,,,,,,,,,,,,
1959-10-31,325.70781967584577,,,,,,,,,,,,,,,,,
1959-11-30,330.01132096746426,,,,,,,,,,,,,,,,,
1959-12-31,339.1279722939788,,,,,,,,,,,,,,,,,
1960-01-31,314.89241840792334,,,,,,,,,,,,,,,,,
1960-02-29,317.78029114823903,,,,,,,,,,,,,,,,,
1960-03-31,313.36353698042296,,,,,,,,,,,,,,,,,
1960-04-30,307.87089128911924,,,,,,,,,,,,,,,,,
1960-05-31,316.1381784453186,,,,,,,,,,,,,,,,,
1960-06-30,322.31029819225256,,,,,,,,,,,,,,,,,
1960-07-31,314.32615402693574,,,,,,,,,,,,,,,,,
1960-08-31,322.5368039446476,,,,,,,,,,,,,,,,,
1960-09-30,303.0577628550007,,,,,,,,,,,,,,,,,
1960-10-31,302.3216299601055,,,,,,,,,,,,,,,,,
1960-11-30,314.49604414162076,,,,,,,,,,,,,,,,,
1960-12-31,329.04870392095154,,,,,,,,,,,,,,,,,
1961-01-31,349.8301206857037,,,,,,,,,,,,,,,,,
1961-02-28,359.22989340232334,,,,,,,,,,,,,,,,,
1961-03-31,368.4031603665479,,,,,,,,,,,,,,,,,
1961-04-30,369.8187889178507,,,,,,,,,,,,,,,,,
1961-05-31,376.89693167436485,,,,,,,,,,,,,,,,,
1961-06-30,366.02491476873234,,,,,,,,,,,,,,,,,
1961-07-31,378.02946043634,,,,,,,,,,,,,,,,,
1961-08-31,385.4473402206692,,,,,,,,,,,,,,,,,
1961-09-30,377.85959192243246,,,,,,,,,,,,,,,,,
1961-10-31,388.56174031415736,,,,,,,,,,,,,,,,,
1961-11-30,403.8505113876059,,,,,,,,,,,,,,,,,
1961-12-31,405.15290866348863,,,,,,,,,,,,,,,,,
1962-01-31,389.80745714999773,,,,,,,,,,,,,,,,,
1962-02-28,396.1494886123941,,,,,,,,,,,,,,,,,
1962-03-31,393.82788025306604,,,,,,,,,,,,,,,,,
1962-04-30,369.42241465154814,,,,,,,,,,,,,,,,,
1962-05-31,337.65572810496593,,,,,,,,,,,,,,,,,
1962-06-30,310.02265273531725,,,,,,,,,,,,,,,,,
1962-07-31,329.7281995773592,,,,,,,,,,,,,,,,,
1962-08-31,334.76783376387283,,,,,,,,,,,,,,,,,
1962-09-30,318.62967691933164,,,,,,,,,,,,,,,,,
1962-10-31,320.0453054706345,,,,,,,,,,,,,,,,,
1962-11-30,352.54812491211186,,,,,,,,,,,,,,,,,
1962-12-31,357.30463770852043,,,,,,,,,,,,,,,,,
1963-01-31,374.8584231043644,,,,,,,,,,,,,,,,,
1963-02-28,364.0430434372194,,,,,,,,,,,,,,,,,
1963-03-31,376.9535689128523,,,,,,,,,,,,,,,,,
1963-04-30,395.24350880436884,,,,,,,,,,,,,,,,,
1963-05-31,400.90602300958017,,,,,,,,,,,,,,,,,
1963-06-30,392.8086259680658,,,,,,,,,,,,,,,,,
1963-07-31,391.4495914536956,,,,,,,,,,,,,,,,,
1963-08-31,410.53227987781736,,,,,,,,,,,,,,,,,
1963-09-30,406.00225123302636,,,,,,,,,,,,,,,,,
1963-10-31,419.0826884241217,,,,,,,,,,,,,,,,,
1963-11-30,414.6659342563058,,,,,,,,,,,,,,,,,
1963-12-31,424.80179666626566,,,,,,,,,,,,,,,,,
1964-01-31,436.2400995536631,,,,,,,,,,,,,,,,,
1964-02-29,440.54362244605903,,,,,,,,,,,,,,,,,
1964-03-31,447.2253909362705,,,,,,,,,,,,,,,,,
1964-04-30,449.94337356190124,,,,,,,,,,,,,,,,,
1964-05-31,455.09628222538987,,,,,,,,,,,,,,,,,
1964-06-30,462.5707992482066,,,,,,,,,,,,,,,,,
1964-07-31,471.00793331753596,,,,,,,,,,,,,,,,,
1964-08-31,463.36354778081176,,,,,,,,,,,,,,,,,
1964-09-30,476.6704475227472,,,,,,,,,,,,,,,,,
1964-10-31,480.5209589103531,,,,,,,,,,,,,,,,,
1964-11-30,478.02943883556253,,,,,,,,,,,,,,,,,
1964-12-31,479.8980788916555,,,,,,,,,,,,,,,,,
1965-01-31,495.8097299838016,,,,,,,,,,,,,,,,,
1965-02-28,495.0736186896838,,,,,,,,,,,,,,,,,
1965-03-31,487.8822446577497,,,,,,,,,,,,,,,,,
1965-04-30,504.58664428250097,,,,,,,,,,,,,,,,,
1965-05-31,500.6794956564077,,,,,,,,,,,,,,,,,
1965-06-30,476.33071049493213,,,,,,,,,,,,,,,,,
1965-07-31,482.7293359942611,,,,,,,,,,,,,,,,,
1965-08-31,493.6013528998935,,,,,,,,,,,,,,,,,
1965-09-30,509.3997727166196,,,,,,,,,,,,,,,,,
1965-10-31,523.3295524772527,,,,,,,,,,,,,,,,,
1965-11-30,518.7429297955292,,,,,,,,,,,,,,,,,
1965-12-31,523.3861897157402,,,,,,,,,,,,,,,,,
1966-01-31,525.9343038274634,,,,,,,,,,,,,,,,,
1966-02-28,516.5345527116212,,,,,,,,,,,,,,,,,
1966-03-31,505.2661615396861,,,,,,,,,,,,,,,,,
1966-04-30,515.6285297020411,,,,,,,,,,,,,,,,,
1966-05-31,487.7123329422872,,,,,,,,,,,,,,,,,
1966-06-30,479.841441653168,,,,,,,,,,,,,,,,,
1966-07-31,473.3861789153515,,,,,,,,,,,,,,,,,
1966-08-31,436.5798365814783,,,,,,,,,,,,,,,,,
1966-09-30,433.5220737264776,,,,,,,,,,,,,,,,,
1966-10-31,454.1336219773222,,,,,,,,,,,,,,,,,
1966-11-30,455.549250528625,,,,,,,,,,,,,,,,,
1966-12-31,454.86977647299483,,,,,,,,,,,,,,,,,
1967-01-31,490.43035876947283,,,,,,,,,,,,,,,,,
1967-02-28,491.39297581598555,,,,,,,,,,,,,,,,,
1967-03-31,510.758764029435,,,,,,,,,,,,,,,,,
1967-04-30,532.3329725283472,,,,,,,,,,,,,,,,,
1967-05-31,504.4167757685934,,,,,,,,,,,,,,,,,
1967-06-30,513.2502841042256,,,,,,,,,,,,,,,,,
1967-07-31,536.5232209437683,,,,,,,,,,,,,,,,,
1967-08-31,530.2378267198593,,,,,,,,,,,,,,,,,
1967-09-30,547.6217436017957,,,,,,,,,,,,,,,,,
1967-10-31,528.3125926268339,,,,,,,,,,,,,,,,,
1967-11-30,532.2763352898597,,,,,,,,,,,,,,,,,
1967-12-31,546.2627522889804,,,,,,,,,,,,,,,,,
1968-01-31,522.3102981922525,,,,,,,,,,,,,,,,,
1968-02-29,506.0022728338038,,,,,,,,,,,,,,,,,
1968-03-31,510.758764029435,,,,,,,,,,,,,,,,,
1968-04-30,551.8686292557041,,,,,,,,,,,,,,,,,
1968-05-31,558.7769034983107,,,,,,,,,,,,,,,,,
1968-06-30,563.8731749233118,,,,,,,,,,,,,,,,,
1968-07-31,553.4541263209145,,,,,,,,,,,,,,,,,
1968-08-31,559.796157783311,,,,,,,,,,,,,,,,,
1968-09-30,581.3703230806683,,,,,,,,,,,,,,,,,
1968-10-31,585.5606146976442,,,,,,,,,,,,,,,,,
1968-11-30,613.6466799713055,,,,,,,,,,,,,,,,,
1968-12-31,588.1087288093673,,,,,,,,,,,,,,,,,
1969-01-31,583.2956003752488,,,,,,,,,,,,,,,,,
1969-02-28,555.6625034048225,,,,,,,,,,,,,,,,,
1969-03-31,574.8018290674318,,,,,,,,,,,,,,,,,
1969-04-30,587.1461117628546,,,,,,,,,,,,,,,,,
1969-05-31,585.8437144869719,,,,,,,,,,,,,,,,,
1969-06-30,553.284257807007,,,,,,,,,,,,,,,,,
1969-07-31,519.9886898329245,,,,,,,,,,,,,,,,,
1969-08-31,540.8267438361642,,,,,,,,,,,,,,,,,
1969-09-30,527.2933383418336,,,,,,,,,,,,,,,,,
1969-10-31,549.9433951626787,,,,,,,,,,,,,,,,,
1969-11-30,531.200443766372,,,,,,,,,,,,,,,,,
1969-12-31,521.2910439072523,,,,,,,,,,,,,,,,,
1970-01-31,481.4269387183783,,,,,,,,,,,,,,,,,
1970-02-28,506.79502136640906,,,,,,,,,,,,,,,,,
1970-03-31,507.53113266052674,,,,,,,,,,,,,,,,,
1970-04-30,461.60813900013886,,,,,,,,,,,,,,,,,
1970-05-31,433.46547968954496,,,,,,,,,,,,,,,,,
1970-06-30,411.7780399152126,,,,,,,,,,,,,,,,,
1970-07-31,441.9592509973619,,,,,,,,,,,,,,,,,
1970-08-31,461.60813900013886,,,,,,,,,,,,,,,,,
1970-09-30,477.34996477993235,,,,,,,,,,,,,,,,,
1970-10-31,471.40430758383854,,,,,,,,,,,,,,,,,
1970-11-30,493.7712214138012,,,,,,,,,,,,,,,,,
1970-12-31,521.8006926505299,,,,,,,,,,,,,,,,,
1971-01-31,542.9218464430971,,,,,,,,,,,,,,,,,
1971-02-28,547.8482493541908,,100.0,,,,,,,,,,,,,,,
1971-03-31,568.0067861002453,,104.56878335319355,,,,,,,,,,,,,,,
1971-04-30,588.61833435109,,110.81508497131185,,,,,,,,,,,,,,,
1971-05-31,564.1562747126395,,106.81863421335625,,,,,,,,,,,,,,,
1971-06-30,558.8901347737308,,106.37458747514461,,,,,,,,,,,,,,,
1971-07-31,541.2231181024667,,103.87803478112656,,,,,,,,,,,,,,,
1971-08-31,560.7587748298237,,106.98638453414617,,,,,,,,,,,,,,,
1971-09-30,556.8516262037303,,107.5883192414632,,,,,,,,,,,,,,,
1971-10-31,533.5787325657425,,103.71028446033664,,,,,,,,,,,,,,,
1971-11-30,532.2196980513722,,102.59522891045256,,,,,,,,,,,,,,,
1971-12-31,578.0860544732726,,112.61101921306565,,,,,,,,,,,,,,,
1972-01-31,588.5617403141574,,117.29821101457549,,,,,,,,,,,,,,,
1972-02-29,603.4541371213032,,123.72212530516826,,,,,,,,,,,,,,,
1972-03-31,607.0215055180266,,126.44563254413438,,,,,,,,,,,,,,,
1972-04-30,609.6828941067247,,129.59345428943035,,,,,,,,,,,,,,,
1972-05-31,620.215173984542,,130.77758394366984,,,,,,,,,,,,,,,
1972-06-30,606.6817684902115,,128.35998276271724,,,,,,,,,,,,,,,
1972-07-31,608.0973970415143,,126.06079003008092,,,,,,,,,,,,,,,
1972-08-31,629.0486823201741,,128.2316969056909,,,,,,,,,,,,,,,
1972-09-30,625.9909626667283,,127.89619626411107,,,,,,,,,,,,,,,
1972-10-31,631.8233453858471,,128.51787073182263,,,,,,,,,,,,,,,
1972-11-30,660.6455219536261,,131.20190597851243,,,,,,,,,,,,,,,
1972-12-31,668.4598192058129,,131.96171359790935,,,,,,,,,,,,,,,
1973-01-31,657.0215163184154,,126.70218920116156,,,,,,,,,,,,,,,
1973-02-28,632.3895881660573,,118.81784883890761,,,,,,,,,,,,,,,
1973-03-31,631.4835651564772,,115.906851518757,,,,,,,,,,,,,,,
1973-04-30,605.7191514436988,,106.42392181910549,,,,,,,,,,,,,,,
1973-05-31,594.2808485563012,,101.28281339918675,,,,,,,,,,,,,,,
1973-06-30,590.3737431317628,,99.64476712653834,,,,,,,,,,,,,,,
1973-07-31,612.7972942002128,,107.20347672740971,,,,,,,,,,,,,,,
1973-08-31,590.3171058932753,,103.48332991538855,,,,,,,,,,,,,,,
1973-09-30,613.9864169991206,,109.72962400499411,,,,,,,,,,,,,,,
1973-10-31,613.1936684665154,,108.71324467154454,,,,,,,,,,,,,,,
1973-11-30,543.3748579478872,,92.27354007833868,,,,,,,,,,,,,,,
1973-12-31,552.3782779989817,,90.97099444727014,,,,,,,,,,,,,,,
1974-01-31,546.8289950691906,,93.67476192584175,,,,,,,,,,,,,,,
1974-02-28,544.8471237376775,,93.1024293306038,,,,,,,,,,,,,,,
1974-03-31,532.1631040144397,,91.0499309033101,,,,,,,,,,,,,,,
1974-04-30,511.3816440481326,,85.71147005052234,,,,,,,,,,,,,,,
1974-05-31,494.22423291859116,,79.13953014250872,,,,,,,,,,,,,,,
1974-06-30,486.97622164816954,,74.9555968318814,,,,,,,,,,,,,,,
1974-07-31,449.09398779080857,,69.06453561573748,,,,,,,,,,,,,,,
1974-08-31,408.5504085463044,,61.54529424288609,,,,,,,,,,,,,,,
1974-09-30,359.79615778331095,,54.93388610685248,,,,,,,,,,,,,,,
1974-10-31,418.4598084054241,,64.36748146254308,,,,,,,,,,,,,,,
1974-11-30,396.2061258508816,,62.11762683812403,,,,,,,,,,,,,,,
1974-12-31,388.2219600847874,,59.02901308124259,,,,,,,,,,,,,,,
1975-01-31,435.900362525848,,68.8573133026712,,,,,,,,,,,,,,,
1975-02-28,462.00451326644145,,72.03473716004625,,,,,,,,,,,,,,,
1975-03-31,472.0271876025362,,74.65956818257787,,,,,,,,,,,,,,,
1975-04-30,494.33750739556615,,77.50148386986032,,,,,,,,,,,,,,,
1975-05-31,516.1381784453187,,82.00118559018571,,,,,,,,,,,,,,,
1975-06-30,539.0147410185588,,85.869350491115,,,,,,,,,,,,,,,
1975-07-31,502.54813571250054,,82.08999945493568,,,,,,,,,,,,,,,
1975-08-31,491.95921859619574,,77.96527036846649,,,,,,,,,,,,,,,
1975-09-30,474.91508194362933,,73.34715267131206,,,,,,,,,,,,,,,
1975-10-31,504.1902700161984,,75.97197616533096,,,,,,,,,,,,,,,
1975-11-30,516.6477839870413,,77.75804805540022,,,,,,,,,,,,,,,
1975-12-31,510.7021699925023,,76.59365063304251,,,,,,,,,,,,,,,
1976-01-31,571.1211861937335,,85.89896013170681,,,,,,,,,,,,,,,
1976-02-29,564.6092862174295,,89.06651410888458,,,,,,,,,,,,,,,
1976-03-31,581.9365658608784,,89.42175451085897,,,,,,,,,,,,,,,
1976-04-30,575.5379403615495,,88.88889390789738,,,,,,,,,,,,,,,
1976-05-31,567.2706748061275,,86.87586747288005,,,,,,,,,,,,,,,
1976-06-30,590.4869744071829,,89.12571833304274,,,,,,,,,,,,,,,
1976-07-31,585.7304832115518,,90.08289344233415,,,,,,,,,,,,,,,
1976-08-31,582.7293575950386,,88.51391374552844,,,,,,,,,,,,,,,
1976-09-30,595.9229828599991,,90.05329133025506,,,,,,,,,,,,,,,
1976-10-31,582.672720356551,,89.15532044512182,,,,,,,,,,,,,,,
1976-11-30,578.1426917117601,,89.91514312154423,,,,,,,,,,,,,,,
1976-12-31,608.4937713078169,,96.58575171747961,,,,,,,,,,,,,,,
1977-01-31,577.7463174454575,,94.27669663315876,,,,,,,,,,,,,,,
1977-02-28,565.2321662361271,,93.31952152386734,,,,,,,,,,,,,,,
1977-03-31,557.3046377085203,,92.88533713734026,,,,,,,,,,,,,,,
1977-04-30,557.4179121854954,,94.2174924090006,,,,,,,,,,,,,,,
1977-05-31,544.2808809574674,,94.32603097711964,,,,,,,,,,,,,,,
1977-06-30,568.969446348313,,98.41129559982522,,,,,,,,,,,,,,,
1977-07-31,559.7395205448234,,99.31912883664302,,,,,,,,,,,,,,,
1977-08-31,547.9614806296108,,98.77639835348415,,,,,,,,,,,,,,,
1977-09-30,546.6024893167955,,99.51648126951203,,,,,,,,,,,,,,,
1977-10-31,522.8765409724626,,96.23051131550523,,,,,,,,,,,,,,,
1977-11-30,536.9762324485583,,101.78607189006925,,,,,,,,,,,,,,,
1977-12-31,538.5050922752812,,103.66095011637574,,,,,,,,,,,,,,,
1978-01-31,505.37939281510626,,99.50661138931474,,,,,,,,,,,,,,,
1978-02-28,492.86524160577585,,100.12828585702631,,,,,,,,,,,,,,,
1978-03-31,505.1528870627112,,104.79573789814162,,,,,,,,,,,,,,,
1978-04-30,548.3012608589809,,113.6570006585943,,,,,,,,,,,,,,,
1978-05-31,550.6228692183089,,118.65009098960493,,,,,,,,,,,,,,,
1978-06-30,540.9399751115842,,118.70930274227582,,,,,,,,,,,,,,,
1978-07-31,570.1019319087333,,124.6496983023806,,,,,,,,,,,,,,,
1978-08-31,584.8810974404591,,133.22478723670156,,,,,,,,,,,,,,,
1978-09-30,580.6342117865506,,131.13282434564425,,,,,,,,,,,,,,,
1978-10-31,527.4632068557412,,109.65068754895415,,,,,,,,,,,,,,,
1978-11-30,536.2400779528857,,113.17348192810633,,,,,,,,,,,,,,,
1978-12-31,544.2242437189799,,116.41997988983678,,,,,,,,,,,,,,,
1979-01-31,565.8550462548247,,124.15630969169536,,,,,,,,,,,,,,,
1979-02-28,545.1868607654926,,120.93941384204396,,,,,,,,,,,,,,,
1979-03-31,575.254797370667,,130.01776126724744,,,,,,,,,,,,,,,
1979-04-30,576.2174576187346,,132.05053499117207,,,,,,,,,,,,,,,
1979-05-31,561.0419178207062,,129.6822606256676,,,,,,,,,,,,,,,
1979-06-30,582.7293575950386,,136.30354240615483,,,,,,,,,,,,,,,
1979-07-31,587.8255858184848,,139.46122650313532,,,,,,,,,,,,,,,
1979-08-31,619.0260511856343,,148.45076759210156,,,,,,,,,,,,,,,
1979-09-30,619.0260511856343,,147.99684344517993,,,,,,,,,,,,,,,
1979-10-31,576.5571946465498,,133.73791560778133,,,,,,,,,,,,,,,
1979-11-30,601.1325287619752,,142.35247653437867,,,,,,,,,,,,,,,
1979-12-31,611.2117971350025,,149.14150863565584,,,,,,,,,,,,,,,
1980-01-31,646.4326424036653,,159.61121555667782,,,,,,,,,,,,,,,
1980-02-29,643.6013853010597,,155.94040308861753,,,,,,,,,,,,,,,
1980-03-31,578.0860544732726,,129.26781599953503,,,,,,,,,,,,,,,
1980-04-30,601.8686400560929,,138.13894864018496,,,,,,,,,,,,,,,
1980-05-31,629.8980680912667,,148.4606299437861,,,,,,,,,,,,,,,
1980-06-30,646.8856107069006,,155.6937087832749,,,,,,,,,,,,,,,
1980-07-31,688.9580929796825,,169.5381919945409,,,,,,,,,,,,,,,
1980-08-31,692.978472881196,,179.11980543913967,,,,,,,,,,,,,,,
1980-09-30,710.4190270016198,,185.27728566399523,,,,,,,,,,,,,,,
1980-10-31,721.8006926505299,,190.23091153124227,,,,,,,,,,,,,,,
1980-11-30,795.696520309159,,205.39767260545867,,,,,,,,,,,,,,,
1980-12-31,768.742897394363,,199.66449935842013,,,,,,,,,,,,,,,
1981-01-31,733.5787325657425,,195.19439975017383,,,,,,,,,,,,,,,
1981-02-28,743.3182639109547,,195.39175218304283,,,,,,,,,,,,,,,
1981-03-31,770.1019319087333,,207.40082916027873,,,,,,,,,,,,,,,
1981-04-30,752.0384977696117,,213.87410038037058,,,,,,,,,,,,,,,
1981-05-31,750.7927377322164,,220.5151068642269,,,,,,,,,,,,,,,
1981-06-30,742.9785268831396,,212.8971855106846,,,,,,,,,,,,,,,
1981-07-31,741.3363493778868,,208.83166817688635,,,,,,,,,,,,,,,
1981-08-31,695.3001244420789,,193.1616410832747,,,,,,,,,,,,,,,
1981-09-30,657.870902089508,,177.64950195876844,,,,,,,,,,,,,,,
1981-10-31,690.2038530170778,,192.6583901209049,,,,,,,,,,,,,,,
1981-11-30,715.4586611881335,,198.70732424912873,,,,,,,,,,,,,,,
1981-12-31,693.9411331292636,,193.25044741951191,,,,,,,,,,,,,,,
1982-01-31,681.7667189477484,,185.89896013170681,,,,,,,,,,,,,,,
1982-02-28,640.4869852075716,,177.05742960313594,,,,,,,,,,,,,,,
1982-03-31,633.9750852312677,,173.3274129109175,,,,,,,,,,,,,,,
1982-04-30,659.3431678792983,,182.25774977572559,,,,,,,,,,,,,,,
1982-05-31,633.5220737264776,,176.1791984783972,,,,,,,,,,,,,,,
1982-06-30,620.6681854893321,,169.03494103217113,,,,,,,,,,,,,,,
1982-07-31,606.398625499329,,165.13717401916276,,,,,,,,,,,,,,,
1982-08-31,676.7270847612348,,175.36018663484214,,,,,,,,,,,,,,,
1982-09-30,681.8799502231684,,185.16873956736347,,,,,,,,,,,,,,,
1982-10-31,757.1914064331003,,209.8184453982568,,,,,,,,,,,,,,,
1982-11-30,784.4280859356691,,229.23821388745597,,,,,,,,,,,,,,,
1982-12-31,796.3759943647892,,229.33689763240318,,,,,,,,,,,,,,,
1983-01-31,822.7633312978201,,245.06612895017298,,,,,,,,,,,,,,,
1983-02-28,838.3918393990836,,257.22323154482973,,,,,,,,,,,,,,,
1983-03-31,866.1382108464848,,267.21925950151007,,,,,,,,,,,,,,,
1983-04-30,931.087169289397,,289.18493008571363,,,,,,,,,,,,,,,
1983-05-31,919.5356783281344,,304.64774239477174,,,,,,,,,,,,,,,
1983-06-30,949.2638779054936,,314.4859124963976,,,,,,,,,,,,,,,
1983-07-31,920.4982953746471,,299.9407957758419,,,,,,,,,,,,,,,
1983-08-31,930.9173007754895,,288.553408323343,,,,,,,,,,,,,,,
1983-09-30,940.373775532929,,292.7274566967476,,,,,,,,,,,,,,,
1983-10-31,926.1042155429259,,270.9196740816494,,,,,,,,,,,,,,,
1983-11-30,942.242329185912,,281.89266207909213,,,,,,,,,,,,,,,
1983-12-31,933.9184263920026,,274.9161398966305,,,,,,,,,,,,,,,
1984-01-31,925.3114670103207,,264.88060230511013,,,,,,,,,,,,,,,
1984-02-29,889.3544672459851,,249.23033002891853,,,,,,,,,,,,,,,
1984-03-31,901.3589697120378,,247.46399037073107,,,,,,,,,,,,,,,
1984-04-30,906.2854158246864,,244.1681580650397,,,,,,,,,,,,,,,
1984-05-31,852.4915308751793,,229.7414799068512,,,,,,,,,,,,,,,
1984-06-30,867.3838844807702,,236.4811550786293,,,,,,,,,,,,,,,
1984-07-31,853.1144108938769,,226.66272473739798,,,,,,,,,,,,,,,
1984-08-31,943.8278262511224,,251.2729510475022,,,,,,,,,,,,,,,
1984-09-30,940.5436440468366,,246.63510111846597,,,,,,,,,,,,,,,
1984-10-31,940.4869636067941,,243.73397367851263,,,,,,,,,,,,,,,
1984-11-30,926.2740840568334,,239.19479243739815,,,,,,,,,,,,,,,
1984-12-31,946.9989067846531,,243.83265742345986,,,,,,,,,,,,,,,
1985-01-31,1017.1574543310962,,275.0148236415777,,,,,,,,,,,,,,,
1985-02-28,1025.9342822266858,,280.44209835911545,,,,,,,,,,,,,,,
1985-03-31,1022.989837050215,,275.508212252263,,,,,,,,,,,,,,,
1985-04-30,1018.2899398915166,,276.8896943393715,,,,,,,,,,,,,,,
1985-05-31,1073.329584878419,,286.95480392892,,,,,,,,,,,,,,,
1985-06-30,1086.353384831027,,292.2834250155614,,,,,,,,,,,,,,,
1985-07-31,1081.0872016905632,,297.3159647533102,,,,,,,,,,,,,,,
1985-08-31,1068.1200821779978,,293.7635908476172,,,,,,,,,,,,,,,
1985-09-30,1031.030596853242,,276.5936431045298,,,,,,,,,,,,,,,
1985-10-31,1074.8584879066968,100.0,288.6323372508702,,,,,,,,,,,,,,,
1985-11-30,1144.7904864991901,109.16175432465027,309.8480475103359,,,,,,,,,,,,,,,
1985-12-31,1196.3759943647892,114.56095802148427,320.6039132004641,,,,,,,,,,,,,,,
1986-01-31,1199.2072514673948,115.10651124671689,331.35977889059234,,,,,,,,,,,,,,,
1986-02-28,1284.9377130781693,121.60114216287513,354.7464110826935,,,,,,,,,,,,,,,
1986-03-31,1352.7746090637293,128.90543495244347,369.74543689314544,,,,,,,,,,,,,,,
1986-04-30,1333.63536980423,134.14443986748321,378.13304327479466,,,,,,,,,,,,,,,
1986-05-31,1400.6229232202525,141.2885338752573,394.9082560380931,,,,,,,,,,,,,,,
1986-06-30,1420.3850424984496,140.81659228095305,400.13816326573635,,,,,,,,,,,,,,,
1986-07-31,1337.032826485491,125.30741048196063,366.4890539941922,,,,,,,,,,,,,,,
1986-08-31,1432.2196764505948,131.3647320214889,377.8369920399529,,,,,,,,,,,,,,,
1986-09-30,1309.8528274229648,119.0638994806819,346.0627835802535,,,,,,,,,,,,,,,
1986-10-31,1381.5401915945758,125.11256626913169,356.02920942485474,,,,,,,,,,,,,,,
1986-11-30,1411.2117971350024,128.1087618123313,354.8450948276407,,,,,,,,,,,,,,,
1986-12-31,1371.291054707641,122.4497702361789,344.18788276840877,,,,,,,,,,,,,,,
1987-01-31,1551.9818173295694,144.33235036942904,386.9153545221819,,,,,,,,,,,,,,,
1987-02-28,1609.2866062435319,158.25250665705616,419.380319082461,,,,,,,,,,,,,,,
1987-03-31,1651.7554627826164,161.101478938399,424.41288893426076,,,,,,,,,,,,,,,
1987-04-30,1632.8425132677373,160.0536858834073,412.2755110429731,,,,,,,,,,,,,,,
1987-05-31,1642.6954054930345,163.4655341055001,410.99271270081175,,,,,,,,,,,,,,,
1987-06-30,1721.404318384227,163.87253203331485,419.08429796167025,,,,,,,,,,,,,,,
1987-07-31,1804.4167973693711,170.02944267036727,429.1494075512187,,,,,,,,,,,,,,,
1987-08-31,1867.4971157561902,181.48163392451008,448.98363572357584,,,,,,,,,,,,,,,
1987-09-30,1822.3668706284077,177.95722108495565,438.42510740929123,,100.0,,,,,,,,,,,,,
1987-10-31,1425.7644137127784,129.95324122079558,319.02506362346116,,69.23482455742274,,,,,,,,,,,,,
1987-11-30,1304.0770387407783,118.74350191709344,301.1644200078959,,65.3942969057916,,,,,,,,,,,,,
1987-12-31,1399.0940201919748,135.30481075329698,326.1298716629491,,70.49938521756437,,,,,,,,,,,,,
1988-01-31,1455.662568207155,137.7987532533771,340.1421202520305,,73.32123391712354,,,,,,,,,,,,,
1988-02-29,1516.5345959131762,149.4977436535404,362.1472402429722,,79.67918040443071,,,,,,,,,,,,,
1988-03-31,1465.968385534132,150.03462891433415,369.6467531481982,,83.221120501288,,,,,,,,,,,,,
1988-04-30,1479.7847612131254,152.33806118380477,374.18593438931265,,84.89549591913816,,,,,,,,,,,,,
1988-05-31,1484.484744774934,150.10824054526253,365.4035930278745,,82.7644734721647,,,,,,,,,,,,,
1988-06-30,1548.6976351252836,163.68634257156438,389.4809813205554,,88.57795516322554,,,,,,,,,,,,,
1988-07-31,1540.3170518913316,156.87564807403712,382.1788057911729,,87.75247440550484,,,,,,,,,,,,,
1988-08-31,1480.8606527366132,148.07325090618878,371.6203075909392,,85.32287780354905,,,,,,,,,,,,,
1988-09-30,1539.6942582757438,155.32126799370647,382.57354077096187,,87.28411595857999,,,,,,,,,,,,,
1988-10-31,1579.671594740038,151.35087781308314,377.4422871742149,,86.20689778388888,,,,,,,,,,,,,
1988-11-30,1549.8302070888135,146.50588209256026,366.58773773913947,,83.13915844306572,,,,,,,,,,,,,
1988-12-31,1572.593451983524,153.62833261595796,376.35682620789714,,86.27714842430959,,,,,,,,,,,,,
1989-01-31,1684.4281075364463,161.47384464853948,395.99368689035987,,90.07084380452598,,,,,,,,,,,,,
1989-02-28,1635.673770370343,159.1530896635515,394.4148674274078,,90.48650533794095,,,,,,,,,,,,,
1989-03-31,1669.7055360416532,160.95426888990266,401.3223079770013,,92.44189225066829,,,,,,,,,,,,,
1989-04-30,1753.3409814486042,173.59715569203487,421.9459458808345,,96.41121423193646,,,,,,,,,,,,,
1989-05-31,1814.9489908440785,185.78541040201978,440.3000082211359,,100.42152170891295,,,,,,,,,,,,,
1989-06-30,1800.5663291833202,177.16054794484347,429.54411241695675,,98.01533900936592,,,,,,,,,,,,,
1989-07-31,1959.6828401047812,185.5515999892972,447.7994910123109,,102.1602965248802,,,,,,,,,,,,,
1989-08-31,1990.09068654399,192.2454091005038,463.0945379435536,,104.326444292064,,,,,,,,,,,,,
1989-09-30,1977.0668001882723,196.04259855267458,466.6469419632976,,104.33230446756197,,,,,,,,,,,,,
1989-10-31,1927.2932519387236,192.77363961021908,449.57570807920837,,98.04461308727267,,,,,,,,,,,,,
1989-11-30,1959.1732345630583,194.35833113936494,450.0690966898936,,98.45442337838402,,,,,,,,,,,,,
1989-12-31,2001.1324855604205,193.83010062964965,448.7862682336814,,98.5363854366063,,,,,,,,,,,,,
1990-01-31,1863.4200986161893,174.87010440867076,410.301956600232,,89.73128415383532,,,,,,,,,,,,,
1990-02-28,1879.3319225145551,180.04415244386055,420.169728813937,,92.33651629003724,,,,,,,,,,,,,
1990-03-31,1924.915092744018,184.57308458301443,429.7414799068513,,95.79650326186659,,,,,,,,,,,,,
1990-04-30,1873.1596299614016,178.2256637153525,414.5451167205557,,92.55312838679731,,,,,,,,,,,,,
1990-05-31,2045.4700685587075,204.49427349475874,452.9307446090579,,98.88765650509853,,,,,,,,,,,,,
1990-06-30,2027.2932735395013,206.49463091615826,456.1870973939602,,99.01059512583477,,,,,,,,,,,,,
1990-07-31,2016.7043996247514,193.44041220399183,432.40579045017193,,94.55535203753657,,,,,,,,,,,,,
1990-08-31,1826.500568208451,167.66106673440717,376.1594888320536,,81.67554387967202,,,,,,,,,,,,,
1990-09-30,1733.0124033824227,153.32091057230696,339.94475276213603,,74.17598428615379,,,,,,,,,,,,,
1990-10-31,1721.404318384227,149.424132022612,325.43911556236935,,69.56852849921262,,,,,,,,,,,,,
1990-11-30,1824.5753341154254,166.76480449677084,354.3517062169555,,74.65019844197944,,,,,,,,,,,,,
1990-12-31,1869.8754477571156,173.64911062522648,368.85731330267123,,77.39593632561994,,,,,,,,,,,,,
1991-01-31,1947.5084691248205,201.2686147344164,408.72313713728,,84.40372356980451,,,,,,,,,,,,,
1991-02-28,2078.539130780395,216.58728630279933,447.1087650257822,,93.67133205719675,,,,,,,,,,,,,
1991-03-31,2124.688586991623,229.39469265558486,475.9226418213701,,100.11708737843263,,,,,,,,,,,,,
1991-04-30,2125.3680610472534,228.31225416955846,478.31065594726914,,99.88291262156737,,,,,,,,,,,,,
1991-05-31,2207.4178365827743,241.60027008108707,499.4178050530775,,104.40840635028627,,,,,,,,,,,,,
1991-06-30,2101.698793142963,220.1203671067927,469.6270284448291,,98.12657514549493,,,,,,,,,,,,,
1991-07-31,2195.9796200984865,235.6728358745378,495.4016446487783,,101.14161757280822,,,,,,,,,,,,,
1991-08-31,2239.127950693201,248.8785854040596,518.7290425026704,,104.85920213710595,,,,,,,,,,,,,
1991-09-30,2196.262676686259,248.9911632348817,519.9131872139353,,105.47392204037018,,,,,,,,,,,,,
1991-10-31,2222.2537689576525,253.2949397123914,535.8002763867596,,108.30747769113374,,,,,,,,,,,,,
1991-11-30,2124.688586991623,246.61413254784307,516.9726103672439,,103.25507735967649,,,,,,,,,,,,,
1991-12-31,2361.7780291148238,286.5041577490248,578.5869824787417,,111.19958149771078,,,,,,,,,,,,,
1992-01-31,2314.722549894016,292.96414323414837,612.0091221483123,100.0,120.11006767430716,,,,,,,,,,,,,
1992-02-29,2336.9196816131807,299.51506306571764,625.0937375120795,101.37432680307256,123.61688245095408,,,,,,,,,,,,,
1992-03-31,2285.9003733262366,279.74539175796826,595.7865022198573,100.37538307448143,119.25531283867974,,,,,,,,,,,,,
1992-04-30,2349.6603385749063,266.59159716163805,571.0282352353067,104.20984672779296,114.89959446870898,,,,,,,,,,,,,
1992-05-31,2351.925309695747,273.0299655891061,577.5705730312412,105.38251551952482,116.22270775126127,,,,,,,,,,,,,
1992-06-30,2311.0986306619147,260.85036563019963,556.147617873171,102.95030404347602,110.40337481789683,,,,,,,,,,,,,
1992-07-31,2402.095102606933,269.2197609769166,573.149830352494,105.28634831689597,114.00972324606555,,,,,,,,,,,,,
1992-08-31,2344.4507494713753,259.1444415191533,555.6739840799058,101.05478690296164,110.52631343863307,,,,,,,,,,,,,
1992-09-30,2365.7983658147823,271.20279568279875,575.5575691817621,101.49841937989157,112.93835631367803,,,,,,,,,,,,,
1992-10-31,2370.7814059643633,285.0320308373405,597.1679541929149,100.08997166259968,116.45103126582292,,,,,,,,,,,,,
1992-11-30,2442.525536979127,303.91408144517163,644.0990764321715,102.53769471075083,125.17417049037162,,,,,,,,,,,,,
1992-12-31,2467.2140159668625,311.9024827573905,667.998852052378,102.41081489831967,129.3893786463066,,,,,,,,,,,,,
1993-01-31,2484.5979760503537,320.8867221914094,687.1324768294963,102.68660731773562,133.54019633731883,,,,,100.0,,,,,,,,
1993-02-28,2510.6455759555697,304.06997267146727,661.9005760516806,104.57312653458905,130.2090081617237,,,,,101.0668961810563,,,,,,,,
1993-03-31,2557.5878671025125,311.24004414583715,681.0045686026689,106.5679162217567,134.19004156079342,,,,,103.33072608031704,,,,,,,,
1993-04-30,2492.5821418164483,294.3756472482021,652.6741728950053,106.33337943380641,130.36707210267028,,,,,100.68665592364239,,,,,,,,
1993-05-31,2549.207283868561,318.76513218810936,691.2670757961628,109.43196744145251,135.9346676190643,,,,,103.40214800220824,,,,,,,,
1993-06-30,2551.1325179615865,317.0462325571255,694.6418370293813,109.07985929913447,136.61378692044562,,,,,103.77520404054437,,,,,,,,
1993-07-31,2537.542518430323,305.56371664080706,695.3819199454092,109.80548730951934,138.43452379463514,,,,,103.27136508250672,,,,,,,,
1993-08-31,2624.9150711432408,322.696556168839,733.0176176232245,113.27325527760792,144.11919775626745,,,,,107.22958432869657,,,,,,,,
1993-09-30,2598.697602724117,331.412352972461,752.6939578264762,110.29100406072962,148.08851973753562,,,,,106.44935910580737,,,,,,,,
1993-10-31,2649.0939445892536,338.573756482392,768.9560271616693,114.18347705521892,151.7358447282183,,,,,108.5493951537764,,,,,,,,
1993-11-30,2614.8924832102557,334.9151355409996,744.4148824844333,114.2877105783014,146.60149127173312,,,,,107.39081691866149,,,,,,,,
1993-12-31,2641.2798201432865,344.8908791145991,766.5285335149813,116.46367815426835,151.390433835224,,,,,108.70916869704116,,,,,,,,
1994-01-31,2727.123383424816,358.4949586074968,789.8855334809524,123.4212393109893,156.03301494237553,,,,,112.50050154730316,,,,,,,,
1994-02-28,2645.18696876938,356.91894825615026,782.0209479361184,118.88130966142208,155.45342929251603,,,,,109.2194861396114,,,,,,,,
1994-03-31,2524.178895046791,331.6245066874469,733.629414682226,112.79891019087565,146.98202748493773,,,,,104.64309893906687,,,,,,,,
1994-04-30,2553.2843010085617,323.21613192747583,724.13662263089,114.21759796943827,147.85434498067036,,,,,105.81638658520744,,,,,,,,
1994-05-31,2584.9377346789465,328.0654616302181,725.4687477884994,116.59645812034587,145.93993463045697,100.0,,,,107.50301285213972,,,,,,,,
1994-06-30,2515.6851237389737,312.0020586415542,696.6252688808324,112.45765560462335,140.67677344454324,98.10305201831262,,,,105.03968210544245,,,,,,,,
1994-07-31,2594.903814978109,320.54034716122516,712.611011684553,116.78662635879628,142.8839067074354,100.55840779000367,,,,108.43519303108546,,,,,,,,
1994-08-31,2692.468824137918,344.56181358657176,755.4963714074313,121.40659057008511,150.64692406891996,110.77806139238768,,,,112.56885471336314,,,,,,,,
1994-09-30,2620.101899507567,341.0547234625347,754.1839408391401,119.22783575850605,149.94438193193548,105.74009309763441,,,,109.72590221817917,,,,,,,,
1994-10-31,2674.6886193927894,357.6809627518673,767.2094122068511,121.24217396500778,149.30039688395888,116.41963111212573,,,,112.8450427381739,,,,,,,,
1994-11-30,2569.0260835868007,350.55420467297097,740.3986919660832,116.00267089882136,142.9951428435644,113.62757962573151,,,,108.35206701718678,,,,,,,,
1994-12-31,2600.622836817143,350.07791588308686,742.0170210638753,118.95638324671442,146.5722171938264,115.03592862640058,,,,109.1410465202767,,,,,,,,
1995-01-31,2663.760008450224,350.99582160509954,745.2141696246193,119.24862641544989,144.51730556277158,114.5678454244798,,,,112.80906613557366,,,,,,,,
1995-02-28,2759.8528814249084,374.523716165126,783.2346646454115,124.43538407728035,150.20783969990183,133.1677152718256,,,,117.41273116572914,,,,,,,,
1995-03-31,2835.2774393055956,387.209889936011,806.4042347583002,128.98461461090116,152.66670144657002,143.24367693408385,,,,120.68246275029986,,,,,,,,
1995-04-30,2914.552810984773,406.61585028469835,832.820220019279,134.05938296359793,155.8281231966114,161.9790524681178,,,,124.25742056085438,,,,,,,,
1995-05-31,3020.385215304669,422.67058530892336,853.1478669163723,138.5226863558606,158.21673430285887,175.79141827404945,,,,129.18715081008017,,,,,,,,
1995-06-30,3084.654613288841,465.90752827906886,921.1072093339103,141.34455034088347,166.05000230476415,200.3736341461794,,,,131.80050961963764,,,,,,,,
1995-07-31,3182.672720356551,492.62208897282306,987.9712434904715,146.07155045888652,175.46982349079934,231.6978001293002,,,,136.03991253966586,,,,,,,,
1995-08-31,3181.653509273106,499.45445338144754,1006.6212968375128,143.0340695624328,178.74246351058102,226.34366443531712,,,,136.64557551224829,,,,,,,,
1995-09-30,3309.2297745980472,506.6505023224132,1029.741540134953,148.57232187178627,181.71067813307673,225.89200388577507,,,,142.43608780733354,,,,,,,,
1995-10-31,3292.752010330356,518.5140386999507,1022.3604657920944,147.5299411969026,173.43832576215334,209.07410464890188,,,,142.01746827802515,,,,,,,,
1995-11-30,3427.916196759754,514.1322769692118,1045.1943846931483,157.42664230663138,180.65686492760003,186.82815524596558,,,,148.334410966195,,,,,,,,
1995-12-31,3487.712332942287,498.9868061292815,1038.2179227387887,158.74915530855532,184.9833181528584,164.77930274432552,,,,150.66817202224033,,,,,,,,
1996-01-31,3601.4723953944554,512.4870021825168,1045.7766699822237,167.3791638687012,184.63790725986414,153.34017318000343,,,,156.02866202087168,,,,,,,,
1996-02-29,3626.4439309699633,539.3401446004099,1085.5043305510962,170.18118394800715,190.22890774547255,152.88851263046138,,,,156.52640311525502,,,,,,,,
1996-03-31,3655.1529194638774,527.9615385504745,1086.8364557087054,173.33065415359457,193.6479092215936,144.52063217934742,,,,159.221516117629,,,,,,,,
1996-04-30,3704.2468208515766,577.3553525175911,1174.778036858996,172.77037435149433,203.89907134084746,169.23834120178964,,,,160.95221511042683,,,,,,,,
1996-05-31,3788.9014773419726,599.5756793566679,1226.988453369446,175.06919236667053,211.84357547888175,169.09873612019476,,,,164.6057949211536,,,,,,,,
1996-06-30,3797.451929089832,586.5084586978431,1169.3507621414585,175.4243982790032,202.92136895128942,143.46951974523074,,,,166.05792700865138,,,,,,,,
1996-07-31,3623.7260347474426,550.7533696546589,1066.3015639130076,171.52417707247253,185.00088081296357,128.0558325049923,,,,158.59596570415576,,,,,,,,
1996-08-31,3691.9025813577077,574.6189712804309,1126.4061981944217,174.23249150233968,195.4686550289775,139.158285159175,,,,161.65043239324734,,,,,,,,
1996-09-30,3892.0159854393482,638.6993296531922,1210.6967518081228,182.4834057231945,202.79258802144398,153.93963760095386,,,,170.68213763663297,,,,,,,,
1996-10-31,3993.601504105336,651.1863252290289,1205.3582533127715,187.05032156973473,199.38528902993014,153.64401732176125,,,,176.20055358134908,,,,,,,,
1996-11-30,4286.636614225019,722.2116258412368,1275.518089660973,202.3236456193518,207.31221264147055,195.39313259837576,,,,189.06387405128265,,,,,,,,
1996-12-31,4194.450717070209,711.2573272212733,1273.9590250154408,200.04561068710962,212.2885021570091,197.33114347919783,,,,184.56468152261672,,,,,,,,
1997-01-31,4451.642015499422,798.0169388673969,1361.6045248168389,211.36346870260093,216.29296732487634,237.10120378041935,,,,195.96811475465734,,,,,,,,
1997-02-28,4478.029525238672,736.4565268880323,1291.69138277398,213.36912709385393,210.78976227340505,224.12645592768118,,,,197.8426567210431,,,,,,,,
1997-03-31,4287.202727400565,690.2147336236088,1205.5456831658541,204.24024880319283,200.55032050514714,220.77600918765916,,,,189.1133230470541,,,,,,,,
1997-04-30,4537.599285273475,757.4817845568189,1244.0892592515634,217.44121773112056,200.80791809761553,232.6093200181978,,,,200.95240859270663,,,,,,,,
1997-05-31,4803.397715890591,830.3168927197356,1381.803825628804,227.4306701650513,222.9143581803583,255.5943138509277,,,,213.65415549980517,,,,,,,,
1997-06-30,5012.117906547693,828.9746795677514,1423.0017746210224,238.03437479502838,232.05315893832199,251.06958478394873,,,,222.43580868535608,,,,,,,,
1997-07-31,5403.793917350674,958.6335271182751,1572.735461011489,255.09089341959427,242.65559212606811,300.75136768726554,,,,240.06696072801356,,,,,,,,
1997-08-31,5093.261486267414,930.0744870160565,1566.3311660250868,236.47081135671272,247.8953215431843,306.46685187908366,,,,227.63072860193034,,,,,,,,
1997-09-30,5363.986622206507,950.0865970608862,1663.4004364730545,246.48818159082379,265.6870287516647,313.3648171876722,,,,238.57765466806927,,,,,,,,
1997-10-31,5179.048714721341,882.9407390694953,1572.5380332934926,230.8773445158034,253.650264011626,247.91623494522295,,,,232.73166687997295,,,,,,,,
1997-11-30,5409.966209903827,909.6899716210052,1579.3863298470296,242.69716245781464,251.69487709889867,238.67787869978224,,,,241.73747404443145,,,,,,,,
1997-12-31,5495.073618689684,858.0100348865749,1549.5855854879183,245.3403252552479,255.85152816582584,216.4894211165473,,,,246.34793474318477,,,,,,,,
1998-01-31,5550.849590978479,927.545872658221,1597.9475467437828,245.28448965488724,251.77097004842867,237.42968190074527,,,,249.5204732005633,,,,,100.0,,,
1998-02-28,5941.902462553432,1034.0578196832164,1747.0989478451743,265.11509541055904,270.3764376636338,259.84805661728217,,,,266.81085854272635,,,,,108.02610593068917,,,
1998-03-31,6238.675025591521,1057.0315194802922,1811.4072627261226,272.9977612741787,281.4120950449,245.28843505536756,,,,279.8268872808714,,,,,111.29949990385629,,,
1998-04-30,6295.300167643633,1080.8104943151168,1843.7044619085864,281.1742381265657,282.70594318273993,259.404645003057,,,,283.4061508651116,,,,,115.12128506477953,,,
1998-05-31,6176.783441189616,1032.2739103189408,1755.3483909610868,276.1044383243079,267.32626991611016,212.9419025479808,,,,277.5201661663881,,,,,112.65860541452386,,,
1998-06-30,6420.3849128937845,1158.0705983240834,1869.686262783038,277.71979284174273,267.7770746361242,201.95440846044903,,,,289.33517744148867,,,,,113.9736782382514,,,
1998-07-31,6345.810043195074,1192.6393918682998,1847.631815976648,275.5875878944904,245.74088519380206,209.52575266206804,,,,285.42515431401256,,,,,112.5043903590909,,,
1998-08-31,5420.61176425862,987.4782929263265,1479.4257491397168,233.8856503264474,197.85142382611573,158.87497058652812,,,,245.1289646620475,,,,,95.3679468821033,,,
1998-09-30,5758.833627139908,1165.1194504299133,1671.442694918465,243.30273483861222,212.86224549775937,174.72387065117823,,,,260.72869549964975,,,,,99.72497731629569,,,
1998-10-31,6221.234730680427,1212.7814156728293,1747.967316618228,266.5539452032508,221.39219546115118,215.66001448954322,,,,281.8689500113155,,,,,109.72942959772014,,,
1998-11-30,6589.07143225899,1349.1166571255194,1923.761702696623,282.8240392406419,232.8610770359375,251.4062616940881,,,,297.56404223813325,,,,,116.01955712971998,,,
1998-12-31,6960.532225875873,1589.8943162399798,2163.696487707896,284.8368172011216,247.03471546525327,287.8751557487996,,,,317.03118252404613,,,,,117.13585707467693,,,
1999-01-31,7245.97976050354,1842.041807733053,2472.755065258654,290.34033510146065,250.114166223878,345.2679130080821,,,,328.1987894035782,,,,,119.57270001416992,,,
1999-02-28,7012.060966898321,1667.1977600711407,2257.7759147218258,288.7193758167623,229.64698517196936,292.5559376225039,,,,317.67405118748167,,,,,119.2643049123972,,,
1999-03-31,7284.088370508632,1824.0299890428207,2428.853356316377,303.5974577381613,232.79082639551683,304.4385164101787,100.0,,,330.8471811931418,,,,,125.69124798052233,,,
1999-04-30,7560.4760206529345,1850.0085127074537,2509.23643113564,334.70994496270026,253.3868062436597,304.06074525996496,102.38236826201481,,,343.4110640462822,,,,,138.41272097411402,,,
1999-05-31,7371.687299369279,1809.5773211167007,2437.8528802132314,327.59634405575804,256.8233703798859,318.72715167146873,99.16614044629533,,,335.55863329826866,,,,,135.5029226903823,,,
1999-06-30,7772.989653443607,1988.8898101537407,2650.6021455056734,340.34870438230695,267.946841061678,397.82386065968666,109.82727447905047,,,354.14146441028265,,,,,141.11186954421575,,,
1999-07-31,7523.895708854353,1966.5135656616474,2603.601821177345,330.5562670916999,260.3887333123463,405.6415446469863,107.86185758684536,,,343.1551599424438,,,,,137.2416493028858,,,
1999-08-31,7476.840575245984,2075.5715686802396,2703.1282777262327,335.958323556549,250.4712796014795,428.6265635524679,113.75818599810725,,,341.378009343291,,,,,139.99385415369326,,,
1999-09-30,7263.363374974592,2085.1228198368217,2709.8480475103356,320.6846965465393,250.16099402869557,409.8295968038259,114.71116957908156,,,333.7529044148374,,,,,134.17613932498793,,,
1999-10-31,7717.6107898475475,2283.89319772902,2927.2054853346076,332.8740049833955,250.94550715709664,456.4401682030622,125.3126638635553,,,355.1388179850343,,,,,139.32058553058425,,,
1999-11-30,7864.722798302957,2569.0248308772448,3292.046608118929,337.46385493165747,265.8392325171133,500.42288956693966,140.08341273063763,,,361.0522708238079,,,,,141.02021573828532,,,
1999-12-31,8319.648996006665,3210.798380966947,4015.502472514153,356.6768153348856,295.5037803491878,578.5752082887509,174.15124346499942,,,381.67193112918955,,,,,149.59758360237092,,,
2000-01-31,7896.149337406952,3091.4876559135237,3888.2477205921987,339.4096483493279,290.51578834904205,638.9324423480281,170.93515384420718,,,362.6694972172649,,,,,142.3048306509512,,,
2000-02-29,7737.3729091257455,3694.960008113004,4634.58665001962,314.2120083501943,338.21792063106943,961.1660434207406,203.45444132152699,,,357.1474177965952,,,,,132.1521673735732,,,
2000-03-31,8485.730288804556,3808.3128818041787,4512.364558291618,338.8322967291033,315.6080057143858,970.5521784648381,208.69565668026934,,,391.7601289162915,,,,,142.60992614569227,,,
2000-04-30,8224.405811213957,3267.3881381681463,3809.611260727754,332.9996426582169,296.3819490872241,962.1350551293397,180.58362999897477,,,378.0013502525657,,,,,140.22549181868123,,,
2000-05-31,8044.167541678161,2878.4897657568495,3355.940433202669,326.43576338369195,278.7775888307914,819.8973346035189,158.4276146631382,,,372.0580186748462,,,,,137.50867240879978,,100.0,
2000-06-30,8236.693024655344,3259.256953283173,3913.667111451199,324.12638719883273,302.8101328151604,936.5879269435175,178.08219816997095,,,379.3809423443423,,,,,136.35869371620913,,108.68270735466903,
2000-07-31,8102.09495140149,3125.5195641969467,3717.17991549395,326.4249174016359,293.09760658283517,816.1362714085258,170.45862318639672,,,373.4237498229716,,,,,137.3689598702143,,105.67602278866737,
2000-08-31,8593.884863103993,3530.992353097988,4150.730461476751,347.9276524523205,314.9054635774013,946.8116924771841,193.68670294456248,,,397.82364153633176,,,,,147.30245747204765,,113.03656703550544,
2000-09-30,8134.2583362260375,3091.9726390945675,3624.255181649461,330.42502464961495,305.23388710800697,699.2978501243672,169.14834525825998,,,375.9981742885205,,,,,139.82719336563682,,109.3326586782361,
2000-10-31,8093.99794317397,2842.310316430252,3325.07401280871,340.3592474039703,291.3646740759772,609.1808644257394,155.7176812376807,,,374.23907146268004,,,,,143.66207192740725,,104.45287024057197,
2000-11-30,7445.922777652613,2170.5403240378446,2563.57807925958,323.0902323600175,261.07371278922557,440.96897660674654,120.04169340954438,,,346.3011500935614,,,,,137.27159958209646,,94.03399918874491,
2000-12-31,7476.104420750312,2027.7969198996182,2437.8528802132314,334.67737672049316,283.0806192204466,473.50438215286437,111.25672825755457,,,344.4911709436559,,,,,140.55103262383614,,101.48541776310336,
2001-01-31,7735.051084758642,2245.410395413114,2736.0667857376243,337.76015019564426,297.60552871825456,601.264594378664,122.5491108063337,,,359.807133057288,,,,,143.19683608821344,,106.94391051790981,
2001-02-28,7021.177531821725,1652.5111628120542,2123.3769053536457,325.5965933921612,277.7179333162054,444.4507794930465,90.4347776517037,,,325.4860092487702,,,,,138.56993805928667,,99.78957436848911,
2001-03-31,6570.384858891842,1362.3570785127968,1815.926659035766,306.47082498993035,263.76090698364976,447.5795078895801,74.61586344751949,,,307.24665676100835,,,,,131.03345180118723,,95.1597255715971,
2001-04-30,7075.0847776513165,1606.4686270228417,2088.257417316603,333.03251386081666,284.1285722504253,544.16746993495,87.95714126173178,,,333.497729834349,,,,,141.8252848449224,,103.01894247926275,
2001-05-31,7111.098285049475,1558.6161779760369,2082.583448293723,338.5227015038802,290.67385228998864,491.6526415961715,85.25073180691854,,,331.62837382743,,,,,144.51472714394157,,105.24918352937914,
2001-06-30,6933.069170225574,1584.8544234531862,2131.971696405798,325.81748181442373,300.12295648712495,512.4943664660972,87.09948626899522,,,323.72576456029486,,,,,139.57130315135225,,108.5228244713056,
2001-07-31,6858.606970182071,1457.9233948822673,2000.3257135750227,326.4506387389698,283.8124265021434,497.5405260288384,79.59022440178654,,,320.4252740509972,,,100.0,,139.44222462481846,,102.4843643944946,
2001-08-31,6418.91260390244,1272.6878320476183,1781.557251779665,308.6725290512507,274.31649450018955,462.0980853569238,69.8129678492093,,,301.41370523799355,,,93.1528598112922,,132.7551552421347,,99.99226409521884,
2001-09-30,5894.337204984681,1011.7509189066342,1478.9817475725818,274.4791164099557,237.0294484538606,306.8774432613031,55.232889114376945,,,276.8089760552991,,,64.88495629163768,,117.69746419510638,,85.41246863209018,
2001-10-31,6001.019470292775,1181.8323429369138,1667.8508113779317,281.53936599175677,250.67034690452311,367.9080060681074,64.6098899717901,,,280.4135509279458,,,78.7821009528993,,120.93147293845234,,90.96441246987254,
2001-11-30,6452.151534638034,1382.100798780671,1905.0523246692198,305.62635319152866,269.7617266935639,426.1547913965861,75.56876929384724,,,302.27939570726255,,,91.79970469821961,,131.66230263733127,,97.91235445419527,
2001-12-31,6501.019059878003,1365.6477337930703,1924.6103166522569,310.90062096276876,285.9902856871288,428.79073993075156,74.15842960121522,,,303.98410146591374,,,89.9864709965265,,133.56207983071002,,103.28918041246355,
2002-01-31,6399.77327823983,1342.3709723612835,1908.4567783566702,307.7495905111593,282.8288818034761,458.94478566370145,73.39606001080166,,,301.0054259092121,,,93.82945152147977,,132.9330539491001,,103.12841793642822,
2002-02-28,6266.874235737492,1177.0176058117645,1708.5948813943048,313.5239247064655,274.78484401392006,419.48674322129943,64.38115577427206,,,295.60660421629603,,,83.49116227142325,,135.6071797698555,,99.91235648402451,
2002-03-31,6497.11225686435,1258.0620162464872,1820.949321364805,322.7629442478652,296.5048877079603,488.80307321732425,68.72665639360126,,,305.4415622457076,,,96.38698800110059,,139.31813489406204,,107.43471195200671,
2002-04-30,6098.075046717081,1105.8797273687344,1665.9068891613206,308.563008869317,298.96962749651516,431.7306203613059,60.47410879171079,,,287.6783981950958,,,87.28009472000869,,133.76463369154345,,108.72263860660793,
2002-05-31,6042.695491896145,1046.3629465661616,1594.3655406119597,307.91246201823424,285.38727720166617,391.0983206646987,57.25313484395935,,,285.9714721479879,,,80.92014208001305,,133.6194159730563,,103.57093198820309,
2002-06-30,5604.869852075715,910.4693484723208,1443.862259535539,286.7549806309847,270.85066521925097,318.2754911219267,49.74391616266545,,,264.8647281328151,,,64.83083744701345,,124.79948760691231,,97.55062760628665,
2002-07-31,5162.061172105707,833.1312327834044,1310.6967216940718,271.03648658044517,229.74065864799317,271.7634807097143,45.45565415475707,,,243.98802186096015,,,56.021633195483055,,117.74420133449412,,84.52949854985616,
2002-08-31,5187.259429441385,816.0547085975041,1297.4640054277565,268.76900981788594,228.8858948791714,246.51201041221236,44.769507703892145,,,245.64746545350107,,,51.420833155626376,,117.03858430929203,,83.991458478546,
2002-09-30,4616.534747118618,720.9213676224441,1156.562167898482,235.52554463568484,212.0894527203542,195.6394974568081,39.490167819601034,,,219.89078718265537,,,39.959376190086175,,103.04986966552225,,77.25349105256907,
2002-10-31,5015.628637705928,856.8929245427929,1312.1670101174177,260.5022810645362,218.66401577101863,242.37322621250885,46.789753433474566,,,237.98431429642153,,,49.391043871412386,,113.70236651842359,,80.43863707792097,
2002-11-30,5301.86866165687,966.4876542618538,1459.2264483277518,275.9846780811034,237.89591470728962,306.7378131069565,52.831445633813324,,,252.6632439334186,,,61.16372547502485,,120.98513312601531,,87.25161797125108,
2002-12-31,4981.993289502476,852.4159737635516,1317.850856549008,258.7835867571771,224.27843909223023,237.5199939524523,46.446697482408,,,238.37031144461957,,,46.92827552290193,,113.93470436527508,,82.24884443512728,
2003-01-31,4845.413474521775,851.2729123798946,1303.4439332082395,249.85451084545187,217.88538068450424,223.14104663945523,46.58010309168827,,,232.50765563389476,,,44.654925489518185,,110.36647256166698,,80.54551886438722,
2003-02-28,4763.023961958439,874.3851410476676,1319.8342884004592,244.80611519493306,211.06492252597863,244.40976047122734,47.95235280750336,,,229.37360746283355,,,48.51149351970358,,108.61728698257764,,78.12609209042077,
2003-03-31,4802.831257102605,882.1094072849882,1323.4360493497022,247.94099785761557,213.41842617840445,243.29294489122,48.1238786237409,,,229.86444980379787,,,47.280106986506475,,109.45275273436334,,78.29313576027988,
2003-04-30,5192.072428270839,957.7935802227706,1444.9478108440096,263.07905009192575,233.4055373655867,273.0445478862605,52.31685522932628,,,249.313700908431,,,53.31526163684901,,116.51605608911846,,86.33993708205956,
2003-05-31,5456.342215069005,1037.3138031057342,1574.8076690851262,274.5628849585164,258.1816089826485,313.9478338834922,56.77664737206367,,,262.9851270805887,,,61.434357441216115,,122.16681255247535,,95.72422108403933,
2003-06-30,5518.120092978386,1040.6043526791243,1601.3421230225233,278.75661419342174,262.49634185691093,295.3726105510903,57.081570160398535,,,265.78629057517685,,,58.99864615607589,,123.96520341202124,,96.82918118605403,
2003-07-31,5607.644428738279,1105.7671495379122,1712.0782338952313,286.4615028986493,278.6839153547675,319.958925818127,60.60751440099107,,,270.57779993837113,,,65.35857520665274,,127.67502074069964,,103.12473041330368,
2003-08-31,5707.870999293006,1161.4131556841069,1786.5107722477337,292.10835136073905,291.21247031052854,374.5103636338792,63.637887313956156,,,276.15874872155,,,76.04874781703518,,130.52742161617203,,108.0587829527272,
2003-09-30,5639.6941070703015,1128.9400011033156,1763.3116301368173,287.741510557488,285.51021582240236,344.71769147151605,61.78916308201982,,,273.1467688379978,,,70.91169895523409,,129.01862597536427,,105.95422216323188,
2003-10-31,5949.660079365576,1226.5240504631447,1906.6607763583017,304.0615627636229,309.2441767185947,407.73554565265437,67.0494493407195,,,287.76743176220964,,,84.30908290756005,,135.97845120296935,,115.17954798183663,
2003-11-30,5992.072255464619,1233.3304109784526,1934.3399256002258,303.4826660453959,319.9520037333606,434.63765548710273,67.43063845451775,,,290.9102183542683,,,88.76140642756934,,136.4861705767302,,119.49188637782724,
2003-12-31,6296.263043899476,1271.146519980748,1976.8798771587633,324.31346524127844,326.04061887741193,417.26131085109836,69.5161683314405,,,305.54674048174235,,,84.91811452228785,,145.72591048367426,,121.64798227643321,
2004-01-31,6405.039720589623,1292.9337657185308,2038.8296595696881,325.3729177342865,340.00352325185423,422.4347973689156,70.67923411334868,,,311.58747928589816,,,87.96298008713364,,146.53201235855997,,126.91796027872262,
2004-02-29,6483.238682326654,1273.2767250950453,2002.9800864815315,328.34647398789645,342.8136560670147,412.4491728311161,69.72585322195859,,,315.81601865169176,,,87.19164383525452,,148.28363982189825,,128.12561846359745,
2004-03-31,6377.179901859028,1245.5923037460868,1967.8508414919825,321.32842678878797,345.5945237374627,400.01639757962704,68.33403164957498,,,311.6329317624475,,,83.4430209855244,,145.44410478816744,,129.35065424215705,
2004-04-30,6270.102255920395,1213.5087847375116,1894.7603057057997,317.2293423805386,327.7325658885616,364.17983832337507,66.29392903638663,,,305.7362579607253,,,74.8362092294639,,143.32810268307063,,122.21216203765988,
2004-05-31,6345.866723635117,1269.6743402156224,1960.4697671491238,316.07775963213334,332.69717078588167,401.4452686275815,69.68771142204395,,,310.9713809575692,,,82.5769779350238,,143.51768567488298,,124.84099389010122,
2004-06-30,6460.022512330263,1313.3356170424602,2020.712564696274,323.7414154279247,346.30292604994514,398.34938553580537,71.95664756035426,,,316.7248778722405,,,80.18162342757653,,147.09329564487757,,130.12307193004395,
2004-07-31,6238.504984271394,1212.6688378420072,1862.4038420710758,314.56568431254425,322.75041619752506,341.9667342251962,66.52268482686206,,,306.5203686884137,,,68.59758168827017,,143.1643126406545,,121.31149297211094,
2004-08-31,6252.774630664507,1185.2095721546928,1813.795186509869,315.6269848639473,320.78332680019054,304.6766323332941,64.86393975253952,,,307.26698825959045,,,61.8988755584559,,143.7817767692436,,119.48078997796621,
2004-09-30,6311.324834003425,1223.3633089425712,1871.7584708566753,312.7216552907564,335.42533260962546,315.49988736066285,66.9993752725571,,,310.3510323627659,,,64.98435266671775,,142.49503505416737,,125.85322462620412,
2004-10-31,6399.77327823983,1287.4263313864549,1948.8751347980206,311.08363933595325,341.7774055216432,338.5341742232806,70.35503745125715,,,314.3499304653233,,,68.84119433416129,,141.9254371082209,,128.43991496819766,
2004-11-30,6646.772120222151,1360.8416646323597,2069.0844033608487,323.5099536879596,371.03801217129865,348.07636207410326,74.58780124010946,,,328.343774239801,,,71.04698898996902,,148.28966138592423,,140.25693804092836,
2004-12-31,6862.514464420603,1403.8101385453874,2146.674580639255,334.5228669202546,381.45894071610627,355.8283554518881,76.84213190204846,,,338.23392229656486,,,72.80627840873707,,153.0452090799934,,143.60978743064328,
2005-01-31,6688.958265785903,1315.9248014444845,2035.139122398259,325.43093464947407,365.3299153740632,331.72652096639916,71.9913388056797,,,330.65049535428426,,,67.44730501269488,,149.32701582577306,,137.77670096589424,
2005-02-28,6815.401959147313,1308.468977837561,2024.590531720786,334.00232037364714,371.20777859685245,359.04742097288045,71.64487548593871,,,337.5623801936313,,,72.75216428199658,,153.79893735149034,,140.03900204121885,
2005-03-31,6685.107451987412,1283.7980483205984,1972.7946050075452,325.859653901077,360.0901680905583,342.42659356455175,70.39366725200856,,,331.3872505010319,,,68.97652211196633,,150.16628881644147,,136.06920860679173,
2005-04-30,6550.679420053686,1230.3342550753343,1896.2404715378555,316.2037002673474,339.19560515423876,316.69059233999855,67.3330728358955,,,325.17884819998835,,,64.99787883946098,,145.823655871817,,128.37175781295372,
2005-05-31,6746.885675509233,1335.8416695873698,2040.8723558733993,324.7341560424769,361.05030782001114,352.24799157856415,73.30029956341632,,,335.65762644503116,,,72.40030451108947,,150.23849507111353,,136.6707259492581,
2005-06-30,6745.9227992533915,1293.3148390331917,2029.7612347242712,318.7618675266298,374.48626092574335,344.134674775696,70.86333998655536,,,336.16597734639686,,,71.34473935201943,,147.69806022491767,,142.24182911972733,
2005-07-31,6988.562085926597,1389.9722618531275,2155.9405536588724,330.1144902471748,397.9567997867468,389.60375900722937,76.25808559085543,,,349.02820353130534,,,79.62684747610204,,153.4108440491062,,151.59804509400985,
2005-08-31,6910.135711204518,1369.6829883600203,2123.6334770676985,325.17217617813344,390.20550277625813,389.03713989103636,75.10202456432106,,,345.7562595878796,,,79.77566840146397,,151.3497186975602,,148.5611837332642,
2005-09-30,6958.154412293607,1386.9587700211314,2123.238621631706,327.87431021599104,390.9607150271694,390.32640585739597,76.02685092887288,,,348.53120781947536,,,80.23528463747593,,152.81484924690628,,148.70206515954854,
2005-10-31,6834.711326130051,1367.4922132015345,2092.2637906543455,323.88380681245826,378.5551165585333,355.2781840608255,74.89011991778438,,,340.2880697398948,,,75.55061477799715,,150.3578935833846,,142.85611183276552,
2005-11-30,7075.198138531403,1448.354702089924,2203.295982875946,335.2320669033494,396.51659019256755,395.51631502759193,79.45636534040132,,,355.24450371557344,,,83.74199327946894,,157.00071147229605,,151.0762211029844,
2005-12-31,7068.460078415143,1424.6621954857214,2176.1596092882573,332.4905480144506,394.1338213954293,393.7507419967463,78.04497191144918,,,354.56490513738277,,,82.55052947865875,,155.507171043839,,150.01878155891112,
2006-01-31,7248.4709349658915,1481.425311975698,2275.3307200359923,337.06212945103726,429.24888629865956,442.7098780498965,81.11584457527474,,,363.0793624663725,,,89.94309477322643,,157.60041723837247,,162.67773269426792,
2006-02-28,7251.7556355888355,1446.6313627698376,2251.2235790609775,341.05014857935055,427.75014641505555,429.6365942828861,79.37762878061375,,,365.15828198519796,,,87.95280832974458,,160.26676228816982,,163.19488807803475,
2006-03-31,7332.219741252928,1475.2857504808837,2308.851513336459,344.6460460714899,447.9480273898885,410.3058787955602,81.03746213998818,,,371.18462063279173,,,88.26420752951603,,162.6824772399321,,171.20586855209234,
2006-04-30,7421.347659544962,1472.7311322297314,2291.859238493948,352.6444125090528,447.5967384550076,424.47953041744756,80.88281337923824,,,375.87345751406673,,,90.33575480290003,,166.6160639399076,,171.7242305565758,
2006-05-31,7191.902473353821,1367.8385089515562,2150.0690364617917,346.4760783231385,422.11230025824074,381.6382460757696,75.02674287771416,,,364.55185777085893,,,81.77877805300862,,163.88094352656924,,161.96606328488846,
2006-06-30,7192.525266969409,1364.0716441615612,2143.3690214951084,345.91487449184075,424.25501625662713,362.73454462304187,74.98060304638625,100.0,,365.50258528801976,100.0,,78.51195492873542,,164.2128997480483,,161.89842486378436,
2006-07-31,7229.105578767991,1307.0921456812628,2063.814926270263,347.01495397349976,410.1399259831249,338.95298946806525,71.75088395089624,91.00349178102188,,367.13947709352186,100.47654459511992,,75.13846045262244,,164.5987174593761,,157.27148548880712,
2006-08-31,7382.898966899617,1367.968422711256,2154.874757167822,353.0790697843513,421.83129769655795,368.89344042908505,75.17398093549156,99.23880823937526,,375.1514197079464,104.75154798346742,,81.89902747431302,,167.77190665560497,,161.98874098826298,
2006-09-30,7564.269462786504,1432.3951825409226,2228.567212604296,362.32148248214844,424.79365214355573,373.3935480538718,78.66176178321206,107.82011157633946,,385.28107345237567,109.66648961327917,,83.36198661404276,,172.40000374597298,,163.02800228378342,
2006-10-31,7802.604492140881,1500.2944134903125,2335.4154790437824,374.7822434307962,448.9432924395517,376.21844484502344,82.3964969658872,117.50871489183876,,397.4237358668728,115.72496981116376,,82.5484347382688,,178.51089347319348,,172.60590944187476,
2006-11-30,7931.087298894062,1551.1343504757965,2399.615262885125,379.16268715567605,460.2306693713997,393.3647971294708,85.22173678374972,124.59523333122608,,405.32682091010577,119.60520838145723,,85.26026488841451,,181.2713079563503,,176.77221290066998,
2006-12-31,8031.144173741101,1521.3889620211685,2383.353193549932,386.64611181389506,461.1322430786504,383.5270015358314,83.62060171971495,119.41525863532358,,410.7464498777017,122.60562519286779,,82.73811253700237,,184.92027072881842,,177.43133228631734,
2007-01-31,8144.054375205073,1552.0263051579343,2431.3499315959334,391.5645223079583,468.55572758902736,376.86715215035827,85.38368396409385,122.96643524431002,,416.92433907166884,125.20547679473302,,82.46689083534095,,187.76005082620145,,180.4328520645788,
2007-02-28,7966.137930036378,1525.4588884458742,2384.201687049362,380.6114740492459,464.4341661095331,388.87288829449756,83.94997205439456,118.60477278427462,,408.74520873645446,119.48010114759693,,83.91797977952763,,182.76432324840974,,179.2504652537777,
2007-03-31,8045.639850669505,1534.77652739014,2389.61908435819,383.2707694875864,468.77233968578736,382.31984883136533,84.39058066830894,119.34410527009341,,413.48190869317466,121.74591656267653,,81.86142594073658,,184.56991722887622,,181.00757566103925,
2007-04-30,8393.94115473004,1617.3795858206108,2491.7013806388936,405.2525455110889,476.8866102493755,404.79571536760346,89.10155936564728,131.82666729601317,,431.7977025406602,132.1751863718749,,86.84362442172898,,195.3045979280043,,183.9465766986203,
2007-05-31,8667.157465131486,1669.717600757654,2570.081027876878,422.7722299838992,495.9779900384163,400.95256398346856,91.91265147783496,139.57862258782023,,446.4442794030025,140.32481937108696,,87.5767269436077,,204.24024885163612,,191.98873760521423,
2007-06-30,8512.740592159393,1674.8353995175141,2568.808046715325,415.9775554822728,488.0861917470862,411.5458768047837,92.35319963146867,140.19753795280945,,439.91678993232404,135.03130169463319,,89.49280107552653,,201.35901798793464,,189.22756088613775,
2007-07-31,8240.487158013791,1673.0689317889996,2512.6012547320465,409.87747827281675,454.3762111178249,409.83779559363944,92.21735401800456,138.53224100460204,,426.1428498702797,125.529073553048,,89.53362020582806,,198.5459848377368,,175.9884394458521,
2007-08-31,8346.489258041376,1722.1422953390863,2562.0290124789617,414.3991015406597,464.17656851706465,408.49106288033016,94.81718063519398,144.3240205825427,,431.61161064958185,126.91502892283219,,90.75709013007395,,200.83682235414622,,179.7318730892118,
2007-09-30,8645.243562806312,1810.7984470337492,2665.7786635323964,431.08612967038067,471.54734718073746,410.66720222064345,99.79712984683079,159.3121056700277,,448.3211526722679,136.7836835561645,,91.8454492991678,,209.4926455960355,,183.14380178672337,
2007-10-31,8773.38628691924,1938.8464802415665,2821.3146048027697,432.15270173261536,484.76086374698906,380.52965435832743,106.82431598477402,180.48981763067303,,454.40344258897056,139.66320463908804,,87.99360858851108,,209.784428883097,,188.36078996894474,
2007-11-30,8386.97637285361,1809.0578774916683,2625.7746764320514,414.8327893427017,449.4877527692009,340.4475260527829,99.60305234590639,155.4214217010241,,436.8031842742678,127.78705301570585,,80.49411717638054,,203.13658718931507,,175.3869559338731,
2007-12-31,8314.60927541704,1805.4467189409227,2617.2095176060293,411.516433404837,448.46908275032325,335.0769927791729,99.53196833021401,154.0847358437383,,431.8844841009108,123.91628395143344,,80.96034788542563,,201.1853903903365,,174.25582231145452,
2008-01-31,7806.059234083953,1594.5791396054294,2358.259516265954,392.4539534286255,417.5985000809347,294.8059914348973,87.69775802050968,116.54964906854492,,405.77221077452066,107.97779081784627,,69.78587507119288,,191.46394286586013,,162.8683562138317,
2008-02-29,7534.711304529273,1511.3179501189038,2241.444703525663,380.54197493517785,401.7212121558621,285.8139749751372,83.46147026101308,106.75052991905577,,395.28613729597726,102.12615934447535,,68.39592518266703,,187.2752799130164,,158.092979937055,
2008-03-31,7489.807262743001,1543.0637356350128,2248.9640615904614,380.4333939304612,402.7691473194521,282.43890679292304,85.02414394936399,108.62955390941269,,391.75127948087123,98.99547939565664,,67.53736469581162,,186.8020444960323,,157.04027666121507,
2008-04-30,7845.922864055723,1660.6337854394712,2380.8961279052155,397.7207380781677,419.2845869165865,316.28822482034434,91.81132868462872,125.55673807443996,,410.4231124415925,108.25008378343266,,72.75667457887226,,195.87967479703258,,164.1920980777404,
2008-05-31,7929.671670342759,1760.105548323076,2489.30333853403,392.0804335605587,438.07741935022807,340.9566784220263,97.25661476497059,140.5429060009928,,416.6271058841292,110.79993333059373,,78.92988866171754,,193.2192112748885,,171.71172455307388,
2008-06-30,7248.018182670431,1590.8295050374286,2262.6604137851286,352.1129896843501,403.75855219361733,302.34446525900717,87.90532680120461,113.95700438993453,,381.8072735698289,92.76053712263317,,69.95310989687461,,174.13699740836435,,158.78798219298466,
2008-07-31,7176.55728104966,1601.272922289915,2294.7998153406397,352.98194068247585,418.3127625689151,279.90964281733983,88.46967169808485,114.45419216965954,,378.3763886913096,90.39790813251898,,64.20109432257416,,174.81967472526395,,164.62035821749868,
2008-08-31,7264.042849030223,1621.5275239252667,2336.2148264120706,358.12993456207,432.9371878518562,289.731065904104,89.7541158120131,116.64474267756763,,384.2238355261061,92.42946813281505,,67.02927220415378,,177.88769660559709,,170.50631045719535,
2008-09-30,6604.529985443236,1380.8711106060673,2064.2194182025582,336.6215947441219,397.85728400161366,252.01397505035547,75.77378146838846,81.37793029858082,,348.0400482944458,74.29006781544622,,55.38861585971354,,167.47203626802016,,157.28953969223954,
2008-10-31,5485.560636298422,1155.8538192722808,1698.1942109350744,289.29112266972334,314.68885148064123,196.649553259978,64.05037326017985,54.03446497195302,,290.5485016462646,48.33983415347083,,45.61979405116375,,144.75696381188808,,124.32812370140265,
2008-11-30,5074.971675980562,1026.8011478446201,1515.2654448191636,273.9045823213825,276.9978463855045,162.79203644274318,56.70862523772766,41.07733584521862,,270.32427471502206,40.132324860720416,,36.984969860271384,,137.3255836037713,,109.50125855051473,100.0
2008-12-31,5114.665955857083,1049.2292944164633,1556.177310327403,272.27120166058654,292.4009246213487,174.23115347068938,58.00008706280415,41.77643828628624,,272.97244447573996,39.729542229785345,,39.09588315575848,,136.53303024794403,,114.76356830899775,98.48540504511736
2009-01-31,4676.557259448882,1022.0384185061041,1456.8976685400617,248.2118293006023,259.6627862061474,171.02031181226224,56.67395126676812,39.3528192518874,,250.55752236108015,33.18104381012083,,38.076119657609965,,125.14115009947395,,103.66948019794444,68.3821857155824
2009-02-28,4162.457719178228,967.2583631487306,1359.6210929653878,219.11430135137,227.7501285486668,163.41613484226167,53.69008958399786,34.987207197653106,,223.6354939753266,26.178857783589372,,37.455982144508404,,111.11737384889007,,91.24685757060338,44.86587529346676
2009-03-31,4517.950181262924,1071.1897937361405,1508.3777590869902,236.05261997875337,247.49722266987453,189.6201941959839,59.22902000190191,41.96286701952944,,242.26661636127395,29.99094653966128,,42.913139419504034,,119.37974739713957,,98.32546981243588,50.2412075883641
2009-04-30,4942.299009625955,1207.4211253224473,1694.5925704420351,253.40076827725966,285.4399651819817,212.3013689597077,66.96474880610378,53.00903868575949,,266.33492385282847,36.08644012681481,,48.24627296618636,,128.76913367285735,,113.4542382327134,73.77007886404736
2009-05-31,5204.6433895248765,1243.1329273968788,1750.8683838300797,263.70696580167936,293.6479092215936,222.79612079399888,69.1135330923732,56.08523260683046,,281.90311073514226,40.12982029123708,,50.189366418405335,,135.0329256145168,,117.31240233561174,78.14016101277315
2009-06-30,5205.662600608322,1279.225802785971,1810.7757108497012,262.05249909755673,297.57040339804416,216.09525238670656,71.15443896357606,59.192446919820085,,281.7184461723575,39.87315137247855,100.0,50.694316799478244,,134.32241606854362,,119.44030616140007,80.42814228659171
2009-07-31,5591.619416766049,1388.430844079374,1952.3387324815271,284.5321905263377,325.92355829856234,247.78482865344156,77.15894377271633,69.25979872479677,,302.73629935324584,45.63904999669461,122.17344964522192,58.534944232726794,,145.65482451998375,,130.39424584006233,103.5400114720435
2009-08-31,5779.275220473735,1407.3345117448605,1982.4947021855874,294.60447233161193,334.91599760018664,251.43090820903203,78.29331683285903,71.10852429206709,,313.91919450472267,49.01011437682865,135.57908629828452,60.06987940711676,,151.55702504279205,,134.21903052874458,111.70737110898246
2009-09-30,5985.730267203778,1488.5607380190331,2094.355633089199,301.30547147983884,353.77322049875096,267.50153915354645,82.71531266299984,79.18726451833818,,325.05000803268643,52.486377056331314,149.57536705559602,61.936670525266535,,155.08660680753567,,141.68513717304103,130.82127976883433
2009-10-31,5867.440262509928,1443.652542795597,2018.0679487422715,301.3194379539388,329.47135857091763,243.57212998165804,80.18981764229262,74.10705499448937,,318.80075242403956,50.23827548809433,139.2566277455081,56.142665785491786,,155.18354698653542,,132.4887138674889,104.66861616160456
2009-11-30,6204.020466304623,1530.5074491971066,2116.24252531613,320.9294582477407,339.4004969000029,254.60887948995003,85.27999458275886,83.45971832537691,,338.4411386463884,56.432021581284985,165.4228654044809,59.9592591865689,,166.1498828551981,,136.628291241253,112.78196108683385
2009-12-31,6314.269451986116,1610.936962691086,2239.145435507899,323.51089286517674,366.1319732961808,295.5532597272561,89.71695001377199,92.40850379785941,,344.9056670801161,58.4950083451617,174.0184543868859,68.39554775196613,,167.58441545710977,,147.45573872759704,140.20653868631382
2010-01-31,6080.804101901235,1507.6549951952918,2118.9561626748987,312.3202327705289,352.46179183441717,259.55244887446537,83.9123139367252,80.38361540878057,,332.3708700057585,54.104839428062256,154.54572107161607,59.712386482998824,,161.91614569489244,,141.95331144651158,124.78839337930488
2010-02-28,6254.190259215809,1574.8874271241882,2208.6639931412237,320.3220226605285,367.9878265573863,278.26727728846214,87.77551857862372,87.74766716096252,100.0,342.7391096040639,57.40893768222737,168.35911965927755,64.47771328325834,,166.76865107250796,100.0,148.30586504499848,141.846782728458
2010-03-31,6621.914291139167,1695.8260381819869,2366.2522672116106,336.8067944321333,397.30696349646655,301.02237906064187,94.543831069139,101.66800888155136,124.58303952874363,363.60496818088757,64.51250293848216,200.18210953243803,68.65952750205416,100.0,175.67802767171239,116.1978022153371,160.51254767138553,179.39979463325452
2010-04-30,6719.648650394225,1732.447130867434,2428.6461716458743,341.52170643047066,419.530464158059,308.8236403955628,96.66400036828948,105.95591524838215,132.17619075377957,369.2299738307287,66.32456055493857,208.3507053225178,70.04882632262097,105.53203165304296,178.23355143706638,120.97296146213961,169.62719141210823,208.55469486317523
2010-05-31,6168.79979384218,1604.0785943891447,2227.195698268051,314.47013060471045,387.3368039388955,292.06323297839094,89.5182429827855,89.78290943246819,101.97096919072588,339.8928583946014,55.651827448754275,158.0336277116391,65.4641284200411,85.14589105049501,164.88426912785258,93.41287640672572,156.84292087466244,157.90334516110437
2010-06-30,5836.409795261351,1506.0096675551551,2081.34997676701,303.22081737805047,356.8233703798859,272.8802962897217,84.168890093488,78.61244992175436,82.7193591393227,322.3066196155824,49.569402290395296,131.82702240436234,60.99663218585594,66.61963017986687,159.09611072605972,82.93901603416549,144.6980014414043,119.8408972065297
2010-07-31,6237.825510215764,1614.1322703625317,2224.886552841577,324.68637918855995,381.0608418427965,286.4380859110316,90.27810779014305,90.0159840259239,100.75044204939618,344.3203673245223,56.540844327702075,159.7402563038729,64.16440334056365,75.58856341068177,170.59554756103464,101.29965032177925,154.43752811454462,142.1590299357886
2010-08-31,5941.84578211339,1530.5074491971066,2086.0766782033597,310.68809424734263,352.4735121854131,252.50665462171673,85.64696257482716,80.81861679750885,85.51903120848135,328.8325866027477,51.30841262236656,138.23563529830147,57.452114423401,50.87104856700926,163.87397671702755,88.98638720260831,142.9413872146243,110.96621654181622
2010-09-30,6462.060934497154,1730.2043479223148,2337.3003777205413,334.67922477888817,395.8433489330729,286.7911854735497,96.92909278744264,102.98850200931813,122.40997420959164,358.2811288009951,60.76946372732519,176.86316700817937,66.02040465855166,73.39685234596098,176.80150448077006,111.14333412609494,160.73091219060188,154.6821840462088
2010-10-31,6700.226613756283,1839.669111028234,2474.2549859081296,344.9305258801643,411.77330697207236,306.0069925397281,103.07234098492735,116.31853410477623,146.34318407013188,371.9680969923497,65.36925713384343,197.10117102165924,70.58363147213448,88.32583598650542,182.52498358292337,121.70867759169035,167.39821336685407,172.99029215322093
2010-11-30,6684.881421452121,1833.5036513469865,2465.196438471423,341.44133103830734,425.6249752103857,320.36131841053293,102.89453593668392,115.33972637745282,144.24923068173047,371.9680969923497,65.10683568160917,195.4802839918037,74.03045129766338,100.94715025657233,181.23902957244357,118.81988478192926,173.23217942427502,190.41094233165802
2010-12-31,7121.404447988893,1920.5577095168237,2617.791802895105,359.17075499093164,458.78463533449985,338.18107466076253,107.78933116160006,126.51013735244688,165.6175982436503,396.8351056785939,74.18290414690343,237.24153697651184,77.72853617654395,117.71284882294725,191.06545186280323,137.98249933434863,187.14855339144435,238.07111247664818
2011-01-31,7282.672741957329,1976.0216884098018,2664.3775169700207,368.9250495681073,457.37955106053096,361.7409114722507,110.83738438806725,133.454785882852,178.87803313906375,406.081338364507,77.39417061293227,252.81383888503157,83.01738294836031,142.15490944334178,196.21233120037516,149.6757982213563,186.45487052452253,233.23944514887805
2011-02-28,7515.401937546537,2035.841636553969,2745.480678975484,379.29950406898524,482.0853720371721,376.61258850211243,114.34063443045422,141.7355257079754,195.22891292493193,420.18768732692655,82.76681354185304,279.0839909569694,86.63171595471285,158.54380370838774,202.57880481231493,164.17722841985787,196.78822374266457,272.0250089737279
2011-03-31,7507.530959854307,2025.4502270881155,2744.2965944923208,382.1967748957324,493.8528188337465,359.1541556769662,113.82805217100345,139.77793452118846,190.63716513960333,420.2381513117068,82.44480566965615,276.861018441686,82.5834036927065,135.25547359411203,204.4141740265262,167.02667327277157,201.75332139267485,289.74151000181195
2011-04-30,7721.46091242116,2081.815040041437,2835.543855242962,397.4232309726104,506.5804053597737,369.1726505922748,117.09838330073228,147.84118578587763,206.98845021200202,432.40885279757134,87.1807200346926,301.0356090498044,84.94527066121708,144.81575529074817,212.94988106973435,188.2275700145214,207.0746540748089,311.3694006793337
2011-05-31,7617.213832360254,2054.5029183358165,2797.80950393425,389.9544090053159,496.6336865041945,360.99361810714015,115.67134793345465,143.63085770018589,198.07371364926004,427.5596476529093,85.10684078646416,289.1913981134951,83.21229759806876,134.80815160404822,209.4143477591511,178.3875490154053,203.35927718231736,292.20664087630894
2011-06-30,7478.142842917203,2013.3962597601312,2736.846378288492,385.13185517947903,484.4154349876061,336.9739219562964,113.3284429603461,137.3854268831829,184.186300491187,420.34675513564616,81.92426360552335,272.20669421347645,77.72080828294318,107.8464286795764,206.98777998850474,171.34039884829798,198.46937342892625,268.63949228333746
2011-07-31,7317.554023004396,2046.0772340736887,2719.932881803253,376.7214929039859,466.61790333640516,317.74994117305624,115.21558970064301,141.54910000821468,192.33977385416884,411.9377932267563,78.47010175762709,254.80527425445803,73.47761911429848,89.07931494403637,202.65745274013108,160.41470788185632,191.70925267212922,238.9914442237612
2011-08-31,6901.982022536956,1940.6043857125255,2545.3523328903557,360.28822439912733,425.50787889875863,292.16999275522835,109.37535115546937,125.09635250425507,154.75431159009375,389.29148533650135,68.41735967200286,201.0723357775482,67.6940880764735,64.51957358976892,194.7323392909766,135.21721921715047,174.66364883683454,160.7629483408623
2011-09-30,6406.682070901095,1852.4245492344676,2383.4616041333343,338.5673578657531,377.12076713985203,278.2344319837047,104.46352340577252,113.33558943537547,132.60149843887007,362.26638798874694,58.92735765813756,159.4552060930382,64.47158003436884,54.18226382431456,183.279359522644,110.28746347983756,155.18811386124153,108.468184814391
2011-10-31,7096.829329881241,2043.7132053333087,2648.914554090708,370.8819919282262,433.85048191010276,317.3803938854077,115.32979053363022,137.13681479242547,174.42050274308056,401.8068073092531,71.77747732870084,211.44836666610217,73.56949518266325,77.42342163308595,201.11722768592605,143.05840752689787,178.6231239726104,156.16130312249234
2011-11-30,7060.92849213829,1987.530208219437,2585.6919109744335,373.6948579895882,431.719450529935,306.5653877933559,112.22512057291472,128.6541057032747,156.72526051649308,400.1740071781926,70.66005009394209,204.3583935919798,70.94400702323048,67.0861257581809,203.04097735585594,144.53642558227904,177.94739381765885,147.38523715479533
2011-12-31,7121.177726228723,1972.488752952773,2570.702581888386,379.0271123799766,433.76851091868616,299.27322868217493,111.53589064773604,126.55679231310684,152.29049371397215,404.3550958078258,72.00876554651684,209.0503547780732,69.49296997576518,61.128770115020224,206.4638339000576,150.47178018933002,178.86391810496045,147.38523715479533
2012-01-31,7431.540461604294,2137.123206988282,2776.6333033096244,391.91259350304466,464.15316354785034,335.81603720896646,120.92542405761209,148.4159943154965,193.19087556818639,423.10692258980157,78.46610082752252,238.10536654756058,78.08813799470313,85.52365842991047,213.8972796446717,167.08817938780672,191.64517772902929,180.02427553072056
2012-02-29,7733.182703911879,2271.475598722136,2927.659364310453,401.81394505480023,474.76143904470564,348.3227269325356,128.67682071168832,167.86713298168397,232.09789615086547,441.47200684102586,85.09421265141319,269.62807573114765,81.14076919621981,95.10746145673524,219.9262305893177,181.32588761193585,196.56841578931997,192.18588522319828
2012-03-31,7975.481216719952,2385.9282468282154,3050.69092172786,409.87902337081914,486.09566164775987,360.2053057202104,135.1789093120838,184.80146403145213,267.980722681273,455.67138588978133,90.80264017995636,294.686309291968,83.77929286848465,103.65512210765195,224.6284069208426,192.40476361959716,201.45254580619797,205.103457570099
2012-04-30,7915.685426149858,2358.572785300401,3006.0787620956853,409.92834532273844,478.2389886766402,339.4703406271222,133.59796798179005,180.04736600895507,256.4453223551119,452.6297175777223,89.34005455558535,287.66572538991716,79.07246310897972,85.50017414118669,224.88712411940094,192.11545278038466,198.19275281043954,193.00758199750217
2012-05-31,7419.761989673532,2186.4132696493407,2789.9547957981263,384.4837926036158,446.00434296176843,302.50049299298075,124.1924557834534,154.95668004998691,204.00944560787946,425.4466308470702,79.17998927469965,237.75776447477605,70.77201657071748,60.09258606746417,211.7904499219866,159.89364664316236,185.15340039813972,155.33953876221287
2012-06-30,7713.250543313555,2265.0847719654776,2896.2405317659573,399.5808845928432,467.4726313724495,316.53456460602496,128.69004423878735,165.42797038301842,223.9891394017471,442.711530449591,84.93404782585502,265.02686237320285,73.90014806606396,66.40329413451181,220.3066919093898,178.36615243057588,194.50753015903373,177.06602386095835
2012-07-31,7810.4187893930675,2288.300963353075,2900.6513970359943,403.57014585876624,460.7107392361261,315.10571863082214,129.97373691779882,168.13127650277812,229.09599285777057,447.9486517060459,87.0835044523269,274.3443802814516,73.71649500489339,65.06110128534809,222.79520827040815,183.22916823061195,191.54941489608234,167.66547699579527
2012-08-31,7964.7789819251175,2400.6234063448574,3026.4062283084727,406.11901223399514,475.4347160369777,325.3376829543023,136.71311484542593,186.02881104595326,265.96507065056124,459.1710997104586,91.10203354451268,292.24924218048807,76.20243288055488,71.67784593510206,225.43300340472183,188.68262822882625,198.32148909175405,184.72458275628992
2012-09-30,8157.814588862682,2423.9607378208325,3075.0247612783896,416.8620180525009,490.28161359217677,313.9149885787348,137.92768414927505,189.011755715354,271.6544289272991,470.81146943923596,95.53383893518851,314.22181673468697,73.6046386988001,63.48338954221286,231.37135081623262,203.8143075263684,204.78857016685535,202.1780932360699
2012-10-31,7996.376253574118,2292.9683450827633,2937.8627275078907,406.2933659399505,479.3220491604405,301.4001000653521,130.64609842467283,168.9391899606776,229.1860205057422,462.24343972162654,91.57013598567985,295.4826124875108,70.78131551961073,55.854079408936755,225.7285501692996,188.14163552738265,200.34622120785892,187.649947090319
2012-11-30,8019.139671275049,2318.9121968896407,2970.436253221827,404.09444911424225,481.189622772642,307.41119199998695,132.355863338691,173.00956529831936,236.48798686817605,464.85960561016145,92.42842801860924,298.4724644798564,72.25684310168022,58.96231206897047,225.44446888273643,186.26507525396477,201.45069640622117,189.7206867627257
2012-12-31,8075.8208025423255,2304.234373301877,2979.583697336924,406.53161399271045,497.2483974742643,315.53752156099944,131.73782107540012,170.56125371647107,231.918489313371,469.0128771972728,94.35131841813816,306.8757726372119,74.09423236823045,63.31865225741337,226.98007273664246,190.19199409425246,208.7408957929646,210.2309892647112
2013-01-31,8483.069073022076,2365.370583558153,3100.5821949469228,429.99877452521184,528.1248403191508,339.09234382214294,135.25730902173626,179.61670856714912,249.658529211128,493.02158580296816,104.04446175557496,354.09838529406784,79.76091086105907,78.22406363575499,240.84757714756938,225.56839664945437,221.76240826158545,250.82439683402959
2013-02-28,8576.897320488359,2371.475578902095,3118.4034493838512,436.01447726532194,533.4055373655867,350.51235541327605,135.72255951861177,180.4880582108302,251.13666322600915,499.3120436216901,106.29572195284187,366.7210546815465,82.6654382555455,87.90201680589782,244.72621707580774,235.40293432039041,223.9904616068512,257.1353589616199
2013-03-31,8885.560333887537,2440.8467782028442,3224.314325645517,452.27214992661544,557.0751077968563,358.75284121288433,139.82786439864608,191.45364844825843,273.08773825190866,518.2716576848069,114.14829705865913,407.18180047755334,84.59055185275069,91.41050101451941,254.0468980061709,262.91145723290515,234.42621971029604,292.403883787537
2013-04-30,9046.26251468043,2500.380894934295,3284.7741852718805,460.3772493105001,554.6865145569975,365.07902241842487,143.3757082166126,200.3729970066808,292.03739632854985,528.2287950161502,118.55907044674372,429.37029008822884,86.07635498565197,95.41348877907535,259.01859184149845,278.2112193971719,233.60700318153178,287.01330747584024
2013-05-31,9234.088359708243,2582.0574325317557,3410.2131803780458,468.93251754178544,576.1665233186745,385.0188804088664,148.50502887021588,214.62519564445307,323.30614378579907,540.7002504326787,123.95523399506718,458.58385124722696,90.9766226972481,112.74433823524646,265.15421549304665,295.8752824258534,242.79245413234327,319.9482507701929
2013-06-30,9095.583483440736,2519.570499719381,3358.2495786291424,462.542658716784,572.2615739359404,384.8545535940724,144.94787416902744,203.52280748076197,297.3679949685028,533.4848838797067,120.09842670921394,434.62676330629455,90.93747369779803,110.48377171752661,261.2174429655923,282.11972992142665,240.80644664746075,309.5616380380359
2013-07-31,9545.46996055482,2675.9524173677733,3578.4194278992827,480.84446573919377,611.9431091304036,392.5363683397839,154.09985049900027,230.09365088475158,357.2628325705278,561.0535712784755,132.6044663907833,505.95125400077904,93.01338029577735,116.86514563916855,272.63975476830416,319.2947801689489,258.4675172628519,380.7561099918498
2013-08-31,9246.715655789883,2661.7682449254917,3542.40205931926,459.4623695168524,591.8271991469871,376.03897408818864,153.48982354148856,227.69232187967194,351.21533609635173,544.2263856859906,124.54365786853417,459.3293509000694,89.3483866535975,102.7131854372592,260.9932447329038,279.5091434860056,250.2891097067449,343.35108433925484
2013-09-30,9521.801038262969,2786.802786301313,3721.610535581407,469.36993175665674,628.6458956795857,403.25802857717025,160.90667618829715,249.46047087171243,403.58397580817683,561.449036371021,132.61154937709284,503.4177659988823,95.84929078884149,126.30757065497366,267.07318642175824,298.25249377196184,266.53060796430566,412.3105151139476
2013-10-31,9946.432923213773,2924.947941011595,3867.8805038321634,482.2780440210539,644.0782390601422,416.61699127731504,168.88261368756838,274.56547486802225,462.8962815703853,587.4481067045258,144.64434347608466,572.6891585239878,99.04192047308675,137.79856462471577,274.9653038005959,323.61491746684453,272.9808640103494,439.1317932607185
2013-11-30,10225.425108700512,3020.2805394618663,4006.2068672684054,499.05102201416247,669.1001879186765,419.2131994999992,174.8799280419014,293.52682745175457,510.7402484176769,604.8585937929932,152.9952864321377,623.511244517451,99.90474592686223,140.78914433197525,285.1154901846318,359.70763416365867,283.7810892311807,489.4215174416762
2013-12-31,10466.364673397326,3110.4952334453938,4121.363720819862,514.2601184605431,681.2481887948442,439.57207331723913,179.99884089004786,310.6170552335278,555.9862745663586,620.5403008522577,160.8388578499525,670.5043945064435,104.90200389282025,162.52320532019152,294.259865321769,393.90213289135966,289.51664240080987,518.200490958044
2014-01-31,10093.941003524598,3049.8093345124053,4049.6151875999976,487.02767528038606,662.0689778388888,434.76577724840837,176.54053011055854,297.9553721336776,520.6406418225573,598.6675414603186,149.20249402795775,598.6571353575723,103.76225753379987,155.5532425218607,278.9791488466736,334.1152298207176,281.48569066236826,472.22299533068775
2014-02-28,10529.161762390151,3200.6407951271767,4251.154798568619,506.35076178633324,692.5999919243923,463.2336804279718,185.6367102386635,328.51807221459876,600.8287434070858,625.9161267004436,162.72074988277976,680.3903828893668,110.73068507823949,188.3780922330623,290.9229210922172,377.9868743919653,294.9375494841358,537.8764445910911
2014-03-31,10602.151653442312,3113.733880939034,4143.467916038412,510.56836430017734,686.7513938463155,482.05614616511633,180.56208886469327,310.14931650179284,550.5655402020259,631.1086201589187,165.19890174149577,695.0105417351103,115.27736627347194,211.71351130954633,293.6072783204528,386.29675670567156,292.73006507519784,522.6843608553113
2014-04-30,10667.89336041783,3101.8530614860606,4060.154141781168,514.3897855085864,659.7154741864629,473.2076712089717,179.98538415900916,306.781155958251,539.3663926006568,635.4959101493668,167.23821474031985,706.4976461025216,113.13640005842626,197.34959058531905,296.00846449854765,393.73966390824796,281.75962739552267,460.7787972521435
2014-05-31,10892.242145579305,3235.90228587832,4186.520890568851,518.6191731817037,664.1882888680607,492.6135297332121,188.05892182563443,334.349978698886,612.2075680369697,650.243383262863,174.61101643023105,753.2819935310156,118.1415746333355,223.53423913914153,299.42237621944327,407.05303966774517,283.9738327946204,468.07343270319103
2014-06-30,11099.830109885315,3333.460225637949,4349.891785157929,522.0140261572974,698.4134289494814,522.4698616122005,193.9335881820535,355.1660510112842,670.1085850427249,663.6675644561634,181.7673339818201,800.1784897800206,125.33525282006784,266.2725886955561,301.7261846048738,415.14599687667885,298.94495114370164,544.1005722572141
2014-07-31,10932.446549416207,3370.713445486135,4311.989517901147,513.8456686434328,655.7402741633081,499.15330571068273,196.22577561686975,362.6005826955841,690.5397815411034,654.7492366568989,176.5394136920889,764.6490321925116,119.88085078918873,229.77422578939758,297.37238375952677,396.56659520207336,280.845843377699,447.0591145466715
2014-08-31,11344.111055645115,3535.2961031487766,4519.706122999636,530.4476557909439,687.5182907154452,530.1270298429681,206.0556498879887,399.39791439585224,797.3556945223027,680.5880656006427,190.4333485883417,856.0505325904726,127.56926513865106,277.4339599298398,307.9750976819342,439.0085707465747,294.4094555761157,513.2478988027077
2014-09-30,11168.120362988104,3506.6243795088526,4433.975033644923,528.724356485617,644.9739883246723,524.5648906006892,204.49662109084338,392.71313824319867,775.2218622902566,671.1984022804265,184.84658251653528,818.0815735550626,126.33577442929646,267.6617917938154,307.2501993986663,434.4684330381548,276.9572318361576,424.30464675885713
2014-10-31,11427.237068316563,3600.8051957575867,4569.508981365125,539.508595213559,687.0265362325003,526.5202643620796,209.8993172220505,411.26785856642715,826.2100420410472,687.0058411031536,192.93532735776026,867.4340824033462,126.77217867720351,260.19738100174754,313.3565204392276,456.6769856230182,295.2183199757413,506.15385852727866
2014-11-30,11707.588201914565,3756.3127060664847,4728.271221597556,553.0880677080122,686.862594249667,563.3929550832936,219.44212608058717,449.06490475532354,944.3172917997499,705.8793714109631,203.61552631437894,939.790012023505,135.92188203554417,317.8880734724864,322.5728742719312,497.69645818342127,295.5477387082009,507.42544810684586
2014-12-31,11658.549944129589,3668.409821622937,4673.426066541814,552.9276804761568,705.2865572219338,564.3213489341009,214.52520239294884,427.38128071931885,873.403442949605,704.0889307994768,201.90605075910472,925.352745931483,136.21610813842497,317.4756167612258,322.8696813638632,496.315703925519,304.09762756941143,545.1875169514075
2015-01-31,11296.659158956449,3592.3363830870308,4573.949478861292,532.5106948805601,682.2727189892197,536.6093390734891,210.05810319343428,408.78457699846126,812.7269157066836,683.2272273339078,189.49050739451008,837.7094376047824,129.5878494489323,270.2850683354834,311.4648741077386,441.30202352942536,294.1322034551979,488.3312204830924
2015-02-28,11916.761144867127,3845.4016217417916,4897.898129586181,562.5333426847109,722.0713147625324,587.1449745367402,225.22556651067052,469.0130370583568,997.534979773838,721.6275602503026,211.09575967772028,984.1777446613944,142.03778798434266,353.7631026079136,330.05722323802075,521.647229501292,311.6224526629725,576.8491134308271
2015-03-31,11709.455891536449,3752.7622232668114,4836.076633032283,551.4711075004965,733.4289780675786,571.3951745232761,219.9124897897701,445.77651266727685,923.1482576630732,710.2939392310221,203.84213082773437,932.1732908841509,138.24095779834104,320.3483675687529,324.04224092155135,490.0004765273299,317.1382655402317,604.9406024032627
2015-04-30,11809.230055408154,3822.5232695535437,4876.080620132629,553.4690101056983,714.3200177520439,563.8448162148494,224.14001080857076,461.75636451927244,970.7441351155043,717.2789667158144,207.5941737268938,956.3401127838649,136.4618438320086,307.1849977622325,325.34920038793575,492.9825947123454,309.003815064062,557.1785126070486
2015-05-31,11933.125202642294,3903.9226437027273,5002.989903662139,558.7479131709456,729.7758018345922,612.4168540541449,229.17963431722077,482.208006379535,1032.412857823256,726.5002687341993,212.38676474454414,989.1681766608524,148.6068372326328,390.05073662046084,329.6010547539592,512.5952120825862,315.9142559531227,591.6020505314657
2015-06-30,11682.390290191324,3807.3775872998467,4920.9298375738435,546.612592276055,734.1197641207897,559.1207086261674,223.48655609517795,457.5034220715943,953.4447767718941,711.7438510300632,203.695608727158,927.7550761206415,135.75582196291896,295.9525995190722,322.60427742850857,478.2117561250625,318.3877382075097,602.1786068894846
2015-07-31,11913.024383173599,3973.7703696338476,5060.469676806971,548.7950583524438,725.180066398647,530.981459076192,233.67261051685855,498.28143509930953,1080.7259303200326,727.8214672395645,212.28152815876302,985.0409815244451,129.04838774814652,250.64597999631252,324.4904623414624,483.8954143637232,314.87288589055544,578.1290836713703
2015-08-31,11167.497569372517,3701.575990531306,4713.351034372478,512.7514362973513,678.7951336245078,502.02062559775004,217.72571053569624,428.48338130887004,850.7235546654863,683.460611369114,185.79764252691345,799.2105976190073,122.3851789757512,207.31746730095236,304.3527768293717,390.91969557084167,295.0012635687037,468.7952509227344
2015-09-30,10872.197315325773,3620.592255847655,4559.068801271053,505.2026024903647,644.394331209258,495.1932651580141,212.91984374645065,406.8434636885472,781.5252026415766,666.0214508411483,175.50712267655715,730.1878884354203,120.76061344566678,194.0363241568969,300.2266051078442,370.5702233375524,280.4390204901113,397.455333949402
2015-10-31,11774.406146026009,4025.658073247603,4986.925382501147,547.9785195022421,680.2060780739747,544.3158003341446,237.1285547082191,503.72282318206726,1072.4797003797737,722.6731892397844,206.12615781301886,925.7988010363922,132.73883909110157,253.84862208991836,325.9850705472613,472.38747517905495,296.20736555115894,463.20399833224843
2015-11-30,11780.350679981675,4039.2359110066964,5041.119110406844,549.7276310330208,701.4284892431833,556.3273533566836,238.57231166169123,508.53873144373256,1086.5527617879109,725.314507824693,207.35724464430518,933.34397385311,135.80751109740618,270.7090264215843,328.41116569514975,480.8782492980651,305.8635113497338,505.64404399603706
2015-12-31,11573.83895281159,3977.5457966813983,4941.198280246778,540.5791966490157,665.002067141174,545.1044888123502,234.76761529710743,490.37996552265145,1023.89784185598,712.7791398190179,199.49201587916195,876.8272340857903,133.46647830358486,252.1531601601636,323.16057191904883,453.84695001112266,290.4773605814604,427.9718888299914
2016-01-31,10986.636506221132,3705.550569347184,4552.940953272328,510.83642365557165,606.1589015172495,504.1896192038223,218.54406634600264,421.29140688428225,807.5194701337939,677.2925231627628,178.81454546753963,741.9846403955902,123.34959933843948,193.18857467128709,305.45328767330705,378.04167866144707,265.5616125910759,319.6483582792043
2016-02-29,10941.2797121394,3637.96327941071,4497.68142887558,512.3937612578188,605.2924531302092,511.1155657033339,215.12322366615768,406.0217054165742,758.7584209253218,676.7330104716733,177.70621763681459,729.52270071633,125.4888199364935,199.3111398779243,307.6960402002415,383.52666054361686,264.9683611643597,314.12447538920907
2016-03-31,11663.306953743879,3882.629049110427,4805.457147856076,548.647092496686,652.2042299747262,556.121957374567,229.8646838458508,461.8433405291583,917.8594305548623,722.2540622159717,202.08857484955357,886.3489187312663,136.5219307995907,254.41378224008076,330.19032781026965,469.8799695109546,286.2014125130628,390.7188505193543
2016-04-30,11694.790864512795,3759.351990378031,4712.216336932866,551.3942161528485,662.0513973123948,530.2009944605516,222.53938533833013,431.55452751508153,830.1073853945948,725.1005988910928,203.29185298323898,893.4900340383737,130.2039484535343,218.52643681758624,332.2074467316955,477.1931336255889,290.98743411653544,406.684442228826
2016-05-31,11874.00888612783,3917.4662324315987,4882.622837472359,551.8148463619683,676.0670075335414,574.5829241773661,232.26445603151328,468.9775574471813,936.6828824059105,737.43563344116,209.75158754609367,935.0772213849046,141.51373489192082,277.20822924295857,333.48800934182646,480.70919451867366,297.5066592495203,432.2159366513947
2016-06-30,11884.825173027628,3825.51096890599,4778.636369522292,556.2446726308459,674.3867808733877,568.2649417616391,226.97342140150562,445.57193460831013,863.3620638703203,739.9987978723927,210.09208137445157,933.1641293119507,139.97409126953724,262.5142690667931,336.69571750392515,489.9273074602928,297.45492115748533,424.4687995764251
2016-07-31,12308.041429427129,4096.146382892134,5093.872182115325,571.8260468076836,714.2087458831373,629.9741487393358,243.20396647080128,510.62940757421745,1057.7797958044873,766.9876727998964,225.6287458468814,1037.0515317268123,155.4604031790233,353.69250157588283,346.5983195810322,533.1665705270965,314.93014962886264,500.86122781143973
2016-08-31,12293.034937313463,4131.494341873899,5144.286957996018,570.8531803948877,725.900153329348,658.4830709407183,245.75770507976048,520.3973667915935,1089.4204612012113,767.9059841055893,225.85055179653887,1038.1731892770656,162.78487997514998,405.30996807118333,347.46370935520866,535.2794216278276,320.5487395267859,526.392560027667
2016-09-30,12277.859786329429,4222.116430186054,5241.760599920078,567.976389690682,732.7732816018004,686.515510568353,251.19764474385528,541.8744228041197,1152.6130612635848,767.9507704956018,225.22472209807498,1032.6144349799326,169.60761926904507,453.15965084344805,345.9444547478151,525.7723750071352,323.9909690641619,537.8446521481628
2016-10-31,12039.354024430048,4157.6635607561875,5120.525285413446,562.8349094595293,697.4943104485143,676.5908128172408,247.53712023710102,525.2812250609821,1099.45989490515,754.6370327938191,216.941839621281,974.5614807539246,167.16090587897384,431.1186827981011,343.2376916999479,511.1245196376042,309.096826350702,464.0123806693566
2016-11-30,12450.793191348544,4165.924765107744,5253.286331322618,593.273582474832,774.1584126928543,722.5583934985352,248.61626714945064,528.2868965811803,1111.560778017745,782.4364398816459,232.6190024653897,1082.2541531896159,179.19956761538907,524.7458376737441,363.6426716384247,605.419776696537,343.2932017297303,628.5858533496522
2016-12-31,12677.407120437078,4211.65567700469,5311.940311541903,613.0979775424549,794.5260958260185,744.741159567129,251.4312632683325,539.6012038314583,1140.422798961467,798.2977999954643,241.92267727183275,1146.7573792145772,184.64300528440725,563.511175271044,376.06921927884247,668.2322584051769,353.1952500642497,681.4003462699875
2017-01-31,12904.1344104057,4430.871034629245,5540.546913324835,616.2465237188449,797.2718024434788,775.8052960421282,264.3550110214773,595.0525356698106,1320.1403561293273,812.5830090522747,250.3108473829578,1205.6515554351324,192.37657921723138,632.691704165748,378.0573156620268,676.1917299370933,354.1905430030038,681.0633355611924
2017-02-28,13384.144467727683,4615.786199900305,5748.411438641567,645.6611300149981,811.826048551554,796.4270325884345,275.92064812729893,647.1832962378871,1496.9002943123237,844.5105667492455,269.91499650700297,1349.2417571251967,197.79310607727592,683.8121853269682,397.47209840916054,785.227739809115,361.02651171250943,717.9795524037662
2017-03-31,13378.93539704281,4707.507639799831,5833.570601940731,641.0380756077044,811.381104007038,830.9500053091552,281.51325863724776,672.1817643292309,1581.3363931565748,845.5664090656281,269.85304909160385,1346.2970991177117,206.50197981274152,772.9280231553605,395.10758425616575,766.1101306156335,361.1206055747456,712.5229310767007
2017-04-30,13500.566091574769,4835.062021862166,5967.643656821479,649.640454180043,819.8759286502193,826.1273116606974,289.1901423139998,707.9653547178478,1708.9758199976613,853.9594800528492,274.8467713961702,1383.5965521329022,205.3253018596388,754.3746201513533,400.70875909131445,795.8496137771376,365.2709072130095,732.1935859692596
2017-05-31,13656.852036618502,5012.815757196575,6116.558361482443,651.7543906156201,802.1837014940946,896.6931673116004,300.4608541707531,761.9229512435641,1904.3800193470279,866.011332669467,281.84443005442546,1434.779258606967,223.24663624323597,955.896487256023,403.6577500548549,809.944030160626,358.07371911290596,684.7010831125693
2017-06-30,13722.59305236914,4889.954760757244,6059.226508555854,662.3326768686559,828.6165948020958,850.2654514906817,293.49627897202663,722.735162539452,1750.7460548227036,871.53192132503,284.774208434803,1456.5135222096155,212.0166575265532,804.3109597638013,410.6428343431852,857.5134397751776,370.15657087864884,751.123228225201
2017-07-31,13988.10911762336,5092.076469680788,6264.180330164431,679.131345903059,834.3422721258252,891.5418200335548,305.41614422506285,782.0230003495785,1970.7097533081683,889.4457795250391,296.01231699413887,1542.0507696736718,222.26969461704562,919.4801341530732,421.61772993512903,918.9657079473516,373.3119404366907,767.0215043029625
2017-08-31,13995.752682330542,5185.83297849955,6343.655406119597,680.8990592019447,822.7153266100922,915.4992354691182,311.7491340576302,809.975206740932,2070.0248393359757,892.0409795468613,296.9355810690536,1545.275947909434,228.7269300201963,987.3781023268615,424.2288131313507,928.2679276000496,368.6160432516015,732.2610638073113
2017-09-30,14265.912396318967,5177.779382466993,6410.065320387905,695.0763331431247,872.8177546165855,962.6827443179817,310.8288249397621,804.9610300638742,2048.154497386949,910.0150392824535,308.2741021261976,1633.1968975969926,240.5806318416391,1137.483156551399,433.43165345408903,984.5051735128848,391.8541148190954,874.4018320124894
2017-10-31,14582.446387410377,5410.945511735281,6638.711431805677,725.2354949001921,879.649933126107,1048.02066295615,325.1468558624318,878.4127557695926,2329.6068632842216,931.4583948868661,322.23146484579894,1744.8154984674266,262.0489467230146,1460.1948436614043,452.78653564280154,1117.6992187055182,394.71017477844697,891.3780232981023
2017-11-30,14991.95980181719,5512.2617540273495,6783.07722838707,753.0046021198442,904.0103253433651,1045.5066682863664,331.55782218268695,911.0022589737389,2457.7846187142,959.9295978248784,341.15996088660097,1899.6240537840172,261.80610781006027,1437.8905478423394,471.76454494349224,1256.2489378771556,406.31917418427076,964.5365437032208
2017-12-31,15139.355212472807,5538.9848769786595,6812.108137147819,766.8679485021866,898.9579250119081,1029.485781681271,333.5574682309296,919.149756114075,2486.8260464954164,971.5713948819497,349.2231304042866,1965.2486833415182,258.10560737469393,1362.0364434304138,481.684966649025,1330.2707349770408,404.7002725947904,948.1428894586086
2018-01-31,15989.86456960559,6018.349525755978,7313.479621370014,811.2363162258165,922.0654545870344,1118.5865186070532,362.76734996284716,1083.1000201059219,3175.759110115067,1026.3281488011949,388.2208023351649,2323.242620785423,280.38828560785026,1717.7065147324556,509.3437606750383,1565.1738450758155,415.0525370553786,1017.4960490928306
2018-02-28,15367.101367912433,5935.590338258724,7176.840367523922,776.4844566927965,885.4575099756981,1119.0137582964167,358.07753236374043,1045.998151031754,2979.9968536255683,989.0106822835413,356.88227617316585,2008.858783085807,281.0115369242342,1668.4204750771596,488.69389212980707,1347.4825829986219,399.0992971039637,889.1790459955681
2018-03-31,14953.964552692181,5698.934613355602,6970.05175701936,747.7542379235822,895.3984401213341,1091.8029025972487,343.4721596386341,955.1231697028388,2580.046055410369,961.9016580321235,337.0987679687705,1834.3337115374843,274.2081786968299,1509.4010219184534,472.3671214552089,1198.043032086101,403.9584376674962,908.608554127141
2018-04-30,14994.621017599668,5720.098399895086,6972.83429532669,749.6168990095164,902.6872120608128,1022.3790606418349,345.20954626373174,957.6305249878267,2569.111100588672,966.8728838866848,337.7698011582405,1831.8077593944217,256.95308498644835,1204.1031941873791,472.89411333476227,1186.8788598623062,407.9224686422394,924.800099270281
2018-05-31,15318.629914527884,6033.711272879346,7343.714610343755,757.4561203528338,956.3901461863658,1132.9642373552158,364.7930112061403,1065.5517364685145,3005.8117683184955,990.3766671789189,352.6625009348266,1950.2331882609947,285.44761205257004,1631.7771318775235,479.4116511837493,1225.5983518682156,433.06528686392625,1095.4849662093777
2018-06-30,15392.809403596055,6096.986144800592,7410.992772928914,752.9754573300737,961.92844082527,1079.314766709955,368.9700910765031,1083.7266162485698,3071.42430723529,996.0719608176181,356.2514947653541,1975.3086315219048,272.3855092276145,1400.4072523854472,477.2767266637918,1199.7364230872197,435.7257614988981,1108.5727470772615
2018-07-31,15947.28235218642,6262.538768825323,7570.347657683947,788.4590873954389,978.162913593499,1123.4913505901561,379.28786253819686,1138.3768660315848,3303.7574587075505,1032.97302809442,381.50817325571575,2187.249665543344,283.4802167810974,1555.9857016241479,500.405589096698,1369.6725967120194,442.91126680402596,1157.4170775837663
2018-08-31,16429.898327300598,6628.463441439542,8002.309386338881,805.5103648052122,1019.1148204910327,1151.203360450768,401.21335146105287,1272.4952322755742,3888.3557194474242,1065.9450094814247,404.97233296212534,2386.1294474268007,290.846116596647,1662.6741585498785,512.6659835809104,1464.3328287365855,462.003479803932,1302.1954290388146
2018-09-30,16500.453033105565,6605.1694497857625,7939.954991539457,820.8199835098659,993.2497924818952,1122.8916103689369,400.08350428477695,1261.966378578857,3825.9701259245517,1072.2832352203725,408.58917377666614,2414.6934006198035,284.04068250038785,1534.41482680939,522.7115277854482,1545.5309968697884,451.2618038799284,1207.9315927196117
2018-10-31,15355.26621554163,6033.165825360998,7209.295605245747,779.1698370209419,884.8486949139037,987.7903973115993,365.6934202544877,1037.9760701913872,2807.8981428487764,998.1839626344484,351.3316141883319,1912.9494843440416,250.1337991834664,997.8012742078706,496.8996034607539,1302.0063541329173,401.6778117448401,834.6616027649152
2018-11-30,15629.501391414082,6017.500488068501,7233.609930891265,792.2833564315387,897.6465320803517,1018.4354176687932,364.72439742477206,1025.8173870237083,2726.150876962372,1016.6994555694112,362.38576929781954,1994.7462363042116,258.2536734386541,1060.8212518737193,506.6476754005894,1359.773013423202,408.6121144043337,859.6273214684351
2018-12-31,14195.074288313785,5481.442700758017,6547.542949412309,723.6911845948276,789.508856547549,949.0691427513358,333.1365264825962,842.7644344320647,1994.7338419183939,927.1803430884878,298.23737014206046,1471.7183451592691,241.35827118622316,829.8905359890705,463.657349200738,1012.8054135825666,359.69248538043684,569.9176039095513
2019-01-31,15312.005215291709,5980.983410956321,7185.45539521831,775.5683650575784,877.829205185112,1045.128671481387,363.1546412464008,993.0294697970103,2531.6531144479854,1001.4156876384012,345.1482564750619,1823.3564207210716,265.63106601904593,1060.0724957029586,497.6533842458906,1233.6598307116715,400.416430746004,773.2949426968927
2019-02-28,15767.214123970749,6146.111516137312,7432.928811286987,803.9958052104037,922.3991987281989,1109.3025800989797,374.0174535010778,1048.8461299983146,2748.6830788347825,1033.8773198644292,366.57953529994467,1992.6170598296387,282.6281292307623,1262.3661587695344,517.2939406349057,1377.8190236237879,421.1544744033458,893.9402887367498
2019-03-31,16049.829710270933,6389.651718942574,7627.116739226473,804.3891689841874,901.4343494186812,1146.5285960374774,388.69596589141906,1128.7869843701635,3052.422313158012,1052.5912431506083,379.20657280710105,2089.2530185771625,292.34295014178184,1372.3729382836411,518.0908526228332,1372.9294035277674,412.3383847137619,827.592163784609
2019-04-30,16680.80466352145,6738.361391353639,7988.3465850214525,824.9956866014101,931.5672288980977,1278.532521928942,410.0714735526435,1251.1675692085996,3560.4408733897712,1095.5918234388557,408.4678824219168,2335.9953260740717,326.3063537061619,1876.3614798769001,531.7241987140635,1471.5852120441448,426.34420648956706,906.2624556728931
2019-05-31,15583.579175381681,6172.46255085905,7354.598551092553,769.8405352825401,857.9649968858885,1064.9207005276687,376.34234131054916,1045.1917785829585,2705.4827769773747,1025.7247378354757,356.2868203619393,1894.6574994496284,272.26122129781055,1057.66724522348,497.8115903379454,1195.8319452752241,392.8649697820448,699.364211968814
2019-06-30,16657.757843620308,6642.777844762175,7900.375492101234,825.2144240048849,917.1418351854227,1198.6580561822698,404.90678363485307,1205.6091275303945,3327.711729958125,1097.1016195894147,406.48758154686806,2299.4592809605256,307.28146856775993,1481.7624588272542,534.4389088260813,1465.8439063287979,420.3060508871425,846.1191017634601
2019-07-31,16876.443423351695,6796.657046239165,8067.318154044814,833.414107623347,921.8488424902745,1267.2438664840868,414.3605949602556,1257.5956399392187,3534.0436430098443,1113.6888237181363,416.71347393295133,2386.9367157203096,324.5807027986109,1721.6779524293133,540.2490529383875,1505.8044292671336,423.1712225244287,855.6245555799692
2019-08-31,16571.121099790624,6660.0275168230855,7857.588484868744,819.1127411053479,875.1478175670195,1236.418121732472,406.48959923384734,1198.325954488298,3258.7544423625473,1095.0419531433497,399.87462476125233,2228.968349392898,317.06941667707747,1548.3111546019065,532.8173226393391,1416.6064044547834,402.3045328004054,719.0179974018599
2019-09-30,16855.832479922617,6710.642509560692,7893.566343813925,835.0447010485308,891.8506041162015,1280.6439484970579,410.2207931715123,1214.6501672722914,3320.169293587604,1116.3491099101466,414.35868089525883,2347.0198641851957,328.88145014914176,1703.8950859774072,544.3019856369943,1500.8095524799114,410.499675170937,755.9533005239467
2019-10-31,17200.2269809695,7000.199032848084,8182.712306317717,839.0591080270417,914.7298012435721,1356.6157902925077,428.1887594146374,1317.1161579900777,3732.8333358438585,1141.0253958179599,430.9393520254406,2480.7838986638667,349.01156560896743,1984.675316280863,547.2808743661056,1510.7991900050822,421.64790333862936,809.862524042866
2019-11-30,17785.843757688526,7277.173054390485,8550.8881386475,870.2429424240437,951.0567432932257,1410.528123666835,445.6135850450287,1422.972854093254,4188.057219162947,1182.3288510467153,461.39129249568447,2747.037137389714,363.1992611416599,2216.6058553851203,569.517775123116,1697.6156588766414,438.7903976897837,906.2750536987472
2019-12-31,18294.33780980645,7562.409125939512,8853.956911009065,885.3521225329366,976.7987790824609,1519.6180617584498,462.93175874033255,1531.2195461109359,4664.360757429189,1216.6821690378556,487.45566114380915,2977.2569473844646,392.00745199175844,2753.7982179166047,579.6948134816166,1774.8325245786923,451.0173673317703,979.5912386677751
2020-01-31,18264.552929789046,7786.204974235599,9029.939570133969,876.590871530706,944.94472317996,1470.5777652079717,476.99754937208115,1617.271435891655,5046.454955340464,1216.1906606103541,485.3228527256991,2950.040134798733,379.45572983208484,2441.0624640408405,574.5165134829208,1715.905024404074,437.02440114116996,884.7480553656203
2020-02-29,16728.31254942528,7327.528431022459,8454.085678690906,788.278220041042,864.3698113773878,1401.244285449768,448.1037194387317,1426.8268814598769,4149.691391193975,1119.90981822657,410.2848534613086,2270.4716262214015,361.8614580223462,2054.1759204734562,519.2679633626339,1252.9240101377745,398.366573854604,666.7588989947195
2020-03-31,14635.27808732892,6766.10648845367,7598.283378639922,679.9392200860317,675.0775669265988,1241.0764384206323,415.4557552097976,1125.4518038482274,2567.419488648634,980.0654572755443,288.03414331216777,1177.8140082301738,321.4692773296627,950.4040529289196,448.5408078680837,598.9065112128621,312.8089780700632,225.20118824255445
2020-04-30,16491.675859597537,7793.99853133499,8772.005255504171,755.280804141711,767.3204454733896,1422.3589522949528,477.6649617731239,1469.695764760956,3760.0512984671186,1104.5172561611816,360.56910454972757,1615.604816175848,368.19901015024385,1314.2539909168772,497.89890301632215,785.545134572551,356.1256468812069,305.7566016798224
2020-05-31,17238.448951854676,8274.618977887112,9364.38766540519,787.4638625056672,816.1349212503185,1521.9760036215084,509.19506723571885,1651.7433484526143,4460.648400357706,1157.1425331619905,393.5808235101034,1831.7286752129514,394.54820224095704,1545.9867285987611,521.5783534575812,885.6017738711724,379.6012535774331,354.0626234077673
2020-06-30,17555.436386466423,8795.33193117557,9925.764648453087,800.7967252405241,843.8440464368883,1640.242970007849,541.2064710811136,1855.5256157575097,5262.563676424368,1177.663580941488,405.21101045755074,1890.9818631352562,425.2526049323399,1889.023437894289,530.4490275042814,900.4074562528691,392.6213902729004,372.85487689248333
2020-07-31,18522.764130526586,9443.955287309658,10603.187210923932,819.8895921441158,866.7115946788177,1755.2400484054544,580.9663608499299,2131.800251730511,6433.638133571768,1247.0191755212563,452.5742890404634,2225.6117593266836,455.89816617745356,2273.43235195985,544.2080212309145,965.6337048288176,404.08365557812294,401.71395330714734
2020-08-31,19820.555429431017,10487.270387306718,11619.755660613442,881.9895651351968,914.3961285679625,1857.1329032604228,644.5517815960461,2617.2599571939218,8696.027523278477,1334.057147370219,517.2369257644328,2716.2610286023946,482.3204288518596,2680.82534680766,586.5119241408966,1202.741170880597,426.21280887657866,467.1915708933967
2020-09-30,19043.035272125515,9887.477691718428,11019.844256151322,861.8756611163817,882.6707821297522,1843.7330218294658,607.3054848098295,2302.9173971798077,7054.473981651734,1284.1053514185344,476.0290558136769,2383.335929958849,479.9520134606885,2541.213991413233,573.893036542579,1115.4384628055186,412.31262843603577,416.5519405994971
2020-10-31,18516.194729280694,9571.310940431198,10767.308306750156,822.1629463382919,900.6966819614865,1845.4006606920807,588.8134834026597,2148.3841306154463,6329.626695305114,1252.0877768838475,450.4360184275056,2181.278894514911,481.3228040232603,2498.657793260287,548.3910827288503,960.7594032369188,421.39624961982986,438.19632225506825
2020-11-30,20507.53065744342,10623.761652119307,12037.438992697042,919.4838221422541,1065.4059904572043,2188.280569607788,654.9121861927894,2633.5924210502812,8516.027562456175,1388.285853257647,551.8359993863965,2949.011193713908,570.0778979223572,4074.633143647078,615.0443700870755,1341.9383289499347,498.27657348134096,708.8188411316623
2020-12-31,21268.800117853843,11160.616469330635,12717.861396466838,949.509257182017,1156.1735340896057,2296.737872027923,687.0189445379707,2892.403710895529,9797.584640883373,1439.7196600357752,592.4413433017538,3277.608169209666,598.6631027143684,4682.499287646329,635.2897085606772,1470.4850649299312,541.3597442685798,902.9390099425052
2021-01-31,21031.936706265933,11192.74290533387,12897.859583600974,930.1551172358257,1214.0038184045957,2371.9785923831237,688.8145803248946,2898.9368129238,9751.237154021243,1425.0483745347503,578.8220496043865,3156.072886149261,617.9879320307697,5029.107831315762,623.1229283916132,1379.2073210844774,567.5910020376102,1024.7923066072929
2021-02-28,21580.690460211044,11178.940123326898,13017.910090887215,959.6193484442908,1288.5955624893024,2520.3073869215764,687.894893084199,2878.081014124744,9616.504780591045,1464.6724035748548,609.4331594534641,3400.4226854752674,658.232499576334,5828.630366833665,644.3859111856066,1519.2807672191555,602.7962702113199,1206.9594360463989
2021-03-31,22496.545452463924,11336.54316689234,13071.709686094144,1023.1914059831345,1299.9941755572795,2567.4004332822224,699.7043405903808,2944.66833297882,9836.38580062429,1531.1675053806312,663.9836910092529,3853.7183112902403,670.6723890193332,5755.7339493082,688.9568979422793,1843.645566080016,611.2055370133161,1218.668246736662
2021-04-30,23675.9340770193,12002.735852702743,13778.054264917522,1050.9044049380727,1326.8836622952379,2554.2962097395857,741.0557176898749,3293.4363083343237,11604.045489089991,1612.182405577872,734.3992951216219,4476.951448747693,667.5718712976408,5558.404287030978,707.4681660127698,1989.5974881714963,622.1327844374346,1276.8037564825934
2021-05-31,23805.831821098905,11851.843927750666,13566.943685821312,1071.2120824240105,1328.3589972096274,2618.026531233691,732.1540987449396,3200.715416509886,11057.580908194428,1622.76772595043,742.3819610759911,4537.952617229174,684.4183396597009,5841.5954721995,722.9414149957774,2112.8515649280816,623.8203393626404,1271.494202238461
2021-06-30,24334.65479689545,12603.740372002343,14312.167672626538,1070.3763964769948,1352.7018803659466,2748.4529798777376,778.0024769713269,3608.782975319708,13203.563360233326,1659.1623137118513,774.8024867790637,4836.98531777616,719.3490981104687,6709.248818539328,722.5500833522747,2100.726736817002,635.479362782472,1332.760726925016
2021-07-31,24888.220858445136,12954.53754394681,14478.666092090574,1083.8080848919255,1303.348768702089,2757.671127485289,800.2605665352866,3809.299176967665,14307.274224499422,1699.6664650961932,810.9651264383248,5172.275829367834,723.6092339175835,6686.654710299166,732.4720104488139,2175.464557935315,612.4284414711706,1177.1427744948642
2021-08-31,25609.740740988753,13493.686623355472,15057.470678701446,1097.0010405174685,1331.1691657575652,2807.9437999284673,834.0210344771295,4128.917763867171,16112.658631681072,1750.248696095956,859.0089587652786,5636.393964539127,741.4734819076706,7012.023381683866,743.07724502593,2263.426890081827,625.9208968777956,1243.7196103884783
2021-09-30,24391.506660707735,12720.488127960825,14257.5297022413,1049.9448687825522,1290.5392826502,2676.794453706737,786.6220400697919,3657.0267042316955,13426.678026397798,1668.6772013010254,778.1601541053627,4850.635213628897,707.8512756968975,6031.394752835732,711.7655321999198,1977.2881417153112,607.8922241865206,1128.673897600083
2021-10-31,26078.029006820016,13725.726762901772,15293.457873002422,1111.2353316045403,1344.8802612494824,2835.507980844919,848.4822353444065,4248.523755747387,16723.79354136736,1785.7577059472171,889.2792174461482,5912.818411203874,753.5097469591352,7177.723188947864,753.9720748217841,2339.2785521286446,633.7363258579609,1269.4519162617873
2021-11-30,25860.70237519989,13972.912584701768,15332.238988721985,1069.793379497428,1287.3426283816161,3149.3119222062714,865.4252098122889,4402.805218997415,17621.635275761346,1771.4094406982363,874.0174366532162,5752.424853093089,840.2070131908255,9741.515879351875,727.3353362619023,2088.5592025732185,606.2804495530485,1099.9465057003026
2021-12-31,26988.562949957697,14132.386217275875,15438.099755202878,1127.3283452924425,1314.507400436869,3242.1097868101533,875.3977703457698,4473.663875336974,17927.742248033872,1853.3331366792129,951.2824799589774,6510.615569592386,862.6120544572112,10247.128318764771,767.5933427758692,2436.0703772116362,620.0521192488594,1154.6451874831585
2022-01-31,25569.364913381964,12928.68840550746,14051.58910341135,1089.9007395717624,1187.5475558601574,2861.749323380454,798.8267250678429,3704.2663261724138,13328.593066047315,1755.586015798621,850.4804306659871,5476.156881339859,762.6431924900348,6716.909586136639,742.2851292837673,2189.90085547898,560.9318089015004,833.6606815004817
2022-02-28,24767.497050953858,12329.242428496726,13569.568667414098,1051.455065747707,1199.0457919116,2817.6467542633395,763.0713442540147,3350.4739331029746,11308.71589623611,1703.7662594499047,797.0572042393779,4936.734009584935,754.1969727793204,6179.012398611723,718.5484039660752,1966.4769913819632,566.7295425069361,846.467358778597
2022-03-31,25653.51186519905,12849.40232337123,14032.484749491749,1075.8315013065926,1211.9488978403467,2817.2112907114106,798.690672161988,3614.310611376554,12541.76828269492,1767.8116852829924,853.344407465442,5433.942862948976,754.2197695936544,5844.067471398665,736.0533706623623,2093.2587339589986,573.2897250833104,858.1841175795921
2022-04-30,23397.113315302446,11131.624031006471,12171.541438891514,1023.0567703846522,1091.3295487557668,2398.8114512773127,690.1028334365045,2673.5452783056376,7874.71253195262,1612.652345488937,704.9422908904628,4053.0385598889097,638.683702882023,3351.5218161726552,699.9332289070433,1777.8003687030484,516.5388118574956,616.628272200354
2022-05-31,23398.357520083864,10947.43612909321,11921.640107579435,1023.4572840237017,1091.2944591683338,2545.8338551599786,679.153580254847,2546.4007184257243,7124.536026291207,1616.2923498216715,701.3006404806323,3966.7870146144855,679.0974726107976,3746.351235133756,702.6876743398138,1766.2769079280295,517.5442088351475,596.6008714941212
2022-06-30,21434.767358546767,9961.655171593653,10882.90964369356,954.7505931585787,999.9356095350773,2100.1739171423283,618.655365085518,2081.0429549614,5173.641433955081,1483.012620595364,583.9837216383828,2977.865573826015,557.9813571879602,1976.6802865046184,656.5764275198429,1415.998306260851,474.2446582506187,446.87154994715115
2022-07-31,23387.82601783403,11212.304598348528,12226.851073069034,1018.9591704823266,1103.7000219041925,2437.754449253816,696.3073019867508,2614.244529994043,7191.3613986600285,1619.5792648529764,693.1066845779012,3830.147499618973,650.1031706820891,2992.18138020017,701.3206392695423,1705.568399550686,524.3406184280755,591.4235694870678
2022-08-31,22395.243681610587,10626.974295719632,11659.957195887986,977.5526041490729,1079.6323525996131,2199.700505980666,660.5715448525888,2330.3061038642563,5994.955992975303,1553.4972635737731,632.8874157411777,3319.461482447376,590.0291489730299,2118.5188710983875,674.8592262482777,1500.5527354373212,513.8397704669093,545.6465068289883
2022-09-30,20303.62484806553,9500.536376546417,10435.781033508205,891.1556318140526,974.6033572373702,1895.1476076771262,590.9769940858617,1842.3332188294812,4164.780586991343,1409.8829162600764,516.6109173960441,2426.187363465479,511.4579279884868,1341.2761840327396,615.8801771775196,1118.0304233325187,464.20056697641485,392.5113116957733
2022-10-31,21925.141641697966,9876.662609063902,10842.856510462074,1015.4790038601698,1081.2364684438483,1959.0257581153917,614.6148909007192,1963.9499485096683,4516.156875878501,1524.471749763341,597.900373139376,2985.5518111462975,523.8942318398275,1350.3591957149692,702.3058651696546,1623.0407709385347,516.0191755713208,522.758002534339
2022-11-30,23103.681442102465,10417.43957447694,11316.361174676855,1073.0834081771736,1104.4903594753143,2322.4946084181515,648.6901668867853,2155.9226986151425,5078.7914166527235,1609.2195257876194,658.379785386791,3415.109312289377,622.661882858343,2092.148311432413,743.9888818121897,1894.0788396697326,527.3905947410958,541.4230862473421
2022-12-31,21741.223290908685,9473.293598556309,10328.084514481696,1028.331916741031,1031.116459910861,2080.3409693652343,590.2192712998761,1766.0946691641532,3748.688577222046,1516.4831518961184,580.431253045365,2809.7371763390965,559.9549800659976,1469.1205032008918,713.7441761279471,1646.9991434838296,493.03568969819935,433.277279778026
2023-01-31,23083.80596194418,10479.675559148121,11431.36986709766,1057.456105204814,1131.046173537663,2400.602448078406,653.0359827632922,2140.5836638716964,4964.303483687656,1611.8506310456276,651.3364638005798,3319.038458281824,649.5851093020439,2205.959990217349,734.8311332014599,1771.9039051088298,541.4456285992114,564.0805546429572
2023-02-28,22481.030218839638,10427.88341455696,11304.065969044563,1013.1134891145573,1110.584870527641,2430.565589879735,650.6864617080427,2103.2855163466484,4795.287544376341,1571.3242767767183,614.6433276099401,3029.2333745406513,659.4813422794474,2225.710054785253,705.2405374140866,1547.6563232674368,532.114278033154,525.6732830408066
2023-03-31,23269.026580404683,11414.400091964988,12060.302543824226,1032.2687052669514,1055.254379855861,2654.4227393811566,712.4542045763424,2498.4392732601063,6159.279254645648,1629.5856608696522,655.5149918105363,3314.6856107432554,717.3473566452147,2784.4300277005336,720.2172174195094,1619.720020973005,506.3209220927855,440.8141704000596
2023-04-30,23609.739617748324,11470.375692173628,12064.910716356057,1057.8321396441397,1035.6478048818835,2460.6191941692814,716.0729769407081,2507.0073809482496,6157.099137340865,1655.6182258404465,672.3599923325078,3434.141674146077,664.8696939376704,2165.160001996535,738.8296617692738,1727.8955835055394,497.2388796650692,410.56893265996973
2023-05-31,23668.34719275216,12343.340344122153,12764.249562367555,1020.9179911968798,1024.3253026298253,2837.077133938765,772.5265720774213,2889.056687657961,7573.777664267529,1663.2609662029279,674.3186741466405,3428.9844371814197,769.0186009172321,3218.070900882689,715.4390363467031,1549.15788481921,493.18039396955777,392.9145025918884
2023-06-30,25200.33930501227,13144.448839354936,13605.605308986726,1067.4319850131553,1105.7490822929437,3017.727112432612,821.2255661651833,3244.896317388662,8964.23080230319,1771.0396040781625,759.3267615131709,4084.7189717362958,819.4254523412592,3783.832159936896,748.2358349051686,1746.0308355975635,532.9669416371091,486.1751737922673
2023-07-31,25985.050965954368,13644.786579454083,14156.325290773748,1103.168465822205,1172.7533998844401,3172.653049404478,852.9257550344628,3479.267154313133,9906.566297007073,1829.01184317722,805.5522955384333,4450.257235271207,864.7209107553784,4329.386855410216,774.3279720116303,1913.6990582673975,565.5249516195838,573.2432123911587
2023-08-31,25524.689667030496,13423.16406468072,13849.38842879638,1077.182825841855,1112.159756959941,3015.9770343623313,840.2767042479134,3340.660010558946,9279.07121296382,1799.2866213188609,773.1682695485955,4166.620378994428,824.9336005039455,3636.014786582359,758.5500738998196,1772.073569146908,536.7805848186139,482.8688137965145
2023-09-30,24281.142931696395,12742.67388864903,13044.524166375313,1039.5080044407935,1045.079328552526,2821.55750178612,797.5918151981426,2999.6952199475013,7815.37944850095,1713.9383524222633,697.0396690624602,3553.6593791807086,767.856567275324,2880.360309737025,732.43546095554,1577.8080134489503,505.3595949633621,396.15295219934563
2023-10-31,23747.450967855235,12478.160594521938,12681.31112964129,1025.40398632255,973.1749037269644,2642.1234514598423,781.1176670208775,2851.605943829854,7192.256271319338,1676.7312659593144,662.1746835436576,3273.1306836463395,717.1794754694578,2274.3699455184874,723.0654872219874,1493.9005589730857,470.41838502049166,313.8622958726123
2023-11-30,25865.23128060425,13810.070707994975,14038.109572383488,1115.3096641487123,1059.0832184226765,3060.055132473764,865.6255233593046,3472.772686717824,9625.512300750164,1829.8901892906922,783.0924139557548,4193.266837140776,832.7026340511184,3481.770570908059,789.2469570315019,1914.0234159872527,513.7088239270859,396.42862187667464
2023-12-31,27009.23057382681,14570.427085539,14812.857856560151,1169.248005346645,1186.739637762542,3430.499222305924,913.9877364094142,3845.170180187646,11172.915727893596,1913.4345689714373,851.2285471659249,4735.229547340435,935.7845444392568,4803.737780136496,828.0798133805279,2185.868607416695,576.0020731322667,546.9768151041679
2024-01-31,27438.561405502107,14840.006699173737,14963.499421358512,1183.5422825914566,1140.062053541279,3500.703328294964,930.6149354685832,3956.4773405531832,11600.440924726065,1943.9085989710231,872.4211484953823,4898.7217828656585,951.9465799683184,4910.827025712055,838.4440453602318,2240.838131064164,553.5313221258943,474.1850973058946
2024-02-29,28857.70137918804,15625.085802607591,15879.140027024348,1209.7906498242905,1202.997551232763,3883.561438960323,979.7826176520355,4353.136869637789,13301.72094793007,2045.3553547886152,958.7604799482572,5617.570574588068,1059.2184240532056,6553.888617611605,858.6607463956168,2373.119912916625,584.6689027115249,544.8969513250535
2024-03-31,29752.83206713176,15807.662731617822,16162.877987803207,1234.949813853561,1243.8089568494552,4030.0416696597267,992.2746099037912,4428.838225956345,13615.119187000624,2112.242115478154,1016.4851592931715,6113.911026062217,1102.0400506813946,7124.266132183023,877.9581086442439,2507.9659195196837,605.0560565537492,595.5004096048052
2024-04-30,28514.665826252418,15102.778789517444,15450.78042068727,1173.168797563835,1155.617389141738,3839.5080124365863,948.874700300548,4015.7223698584444,11664.415241448436,2027.0773058448935,929.286782841255,5320.964928621022,1043.8454451474302,5845.787973358667,835.0672782871941,2127.855111321354,563.6257531653214,470.767247484771
2024-05-31,29883.974015992782,16051.827027862682,16513.736072627864,1200.17129380599,1211.9488978403467,4209.270123421874,1007.2477538789805,4511.8657579647415,13829.650857137105,2129.606293693096,1018.4520599238508,6080.978814922694,1141.5029969884804,7439.675687158529,857.101651440191,2266.826669602713,592.0227485218614,536.1169383363807
2024-06-30,30920.045456676075,17044.396058586717,17498.125370214613,1213.5900155161164,1198.8115278227913,4495.920675831008,1072.417924953072,5058.419509515003,16389.08349922499,2204.739586331714,1085.5920317297366,6678.236778378012,1204.5973323952924,8500.036513623989,866.9964114804269,2323.379801638427,585.3662167174256,510.9518139704131
2024-07-31,31270.101089478412,16766.911261383724,17366.68741524777,1267.0717348102855,1319.875892917442,4299.4967271910355,1054.4216287498652,4840.492962745317,15159.125556483736,2231.4368422296325,1102.4148771810173,6799.042861255525,1149.6497631811067,6815.689986645626,905.9094386528221,2610.6985390194286,645.8676228816336,671.6082738481001
2024-08-31,31984.144683735456,16950.67549010831,17479.39587600118,1289.41736626533,1298.302157080575,4238.403457432171,1066.0610273980944,4893.200424736084,15232.38925663763,2283.575305127106,1145.3916304370853,7144.078169717702,1128.9405180538313,5955.860390348513,923.774578899687,2719.7737155213076,634.9618014328564,616.0125369281322
2024-09-30,32630.124746649883,17371.56985622873,17948.658554543625,1313.2142991852031,1305.5266100206857,4250.103005132267,1094.0088785058433,5106.134781509784,16145.631446884398,2331.5411482094883,1187.4020346420566,7510.203044825658,1128.9963777975636,5641.868486316281,941.900606908887,2849.168191445326,639.4734352300095,618.2881296926209
2024-10-31,32307.19277808247,17224.12482133059,17855.88222274219,1295.6338711536716,1286.0195150990637,4064.1702981413446,1084.549712127011,4983.4256098482865,15468.537073011219,2310.73564976028,1157.7729457489193,7202.615366378215,1068.6272430234767,4628.239171923236,930.0890289991697,2710.0903320293023,630.4120519532539,582.1724011452038
2024-11-30,34158.4367776565,18124.66966764104,18964.052315333865,1393.269522805571,1425.4025029381276,4047.5825667652907,1142.5821152098288,5486.940214792401,17793.831255305453,2448.532333822907,1291.4329557697495,8456.494894243959,1054.624337561941,4315.997995686336,1002.8928188735423,3343.7989759667034,700.2102113717575,779.3441578581302
2024-12-31,33304.81276122091,18195.50511869066,19055.446773565523,1319.8554333598474,1305.6378104240373,4091.4305973069104,1147.7697454855388,5491.466850164044,17683.121241262954,2389.620595522598,1221.3816851585784,7745.275101183723,1056.728362747137,4212.519848437438,950.840738996445,2808.105316456578,641.5753459646601,586.3920909809963
2025-01-31,34204.58571544907,18598.935016363095,19367.910166172343,1381.915415579102,1339.3185259085863,4120.9418278311805,1172.6005409122195,5682.734473332231,18485.376741862405,2453.797335558697,1279.2096867686498,8263.43262603512,1069.6745377323132,4167.787686472522,995.6614806238235,3182.024199609973,657.6030129883135,620.9762672522496
2025-02-28,33717.44083493053,18084.871448868093,18598.065894964,1360.0828778450064,1266.3603414767142,3916.285191017386,1140.899799263231,5341.800939724339,16742.31524388691,2422.646561637507,1239.3375021280865,7851.002015207193,1022.5486913911453,3506.062659897586,981.4304242848276,3011.8449027568736,623.2536561453476,520.0238524425132
2025-03-31,31777.180895494792,16694.188308224093,17070.54439277877,1303.026710654496,1177.8643305053222,3508.5168000599742,1054.348938218144,4510.441525802862,12842.565677188872,2287.6586059094248,1094.986190091017,6472.33137457452,923.9351075847342,2467.8984126713667,941.8303086497929,2617.2270069579517,580.5352682267107,410.94227758925416
2025-04-30,31534.88169146184,16947.539801119106,17215.650754101007,1261.6914006055874,1149.8858516425107,3475.373831594099,1069.07630251526,4495.217617786789,12300.174279962885,2267.8241981943665,1049.8799976211376,5909.176813263111,902.6742852311744,1881.4825364772769,911.9114676048171,2256.0248032112577,567.0614872491202,357.5730930498705
2025-05-31,33475.028270017494,18480.247327680438,18861.032387962932,1311.3504868497769,1209.7008773468842,3909.1456748186956,1167.1990539866258,5314.7906175114695,15688.999111814568,2410.3451485983555,1178.188179759301,6987.314694078001,1006.2775029033857,2501.9384817203613,949.6853689035056,2508.151134160431,596.7735864184576,408.2737940313338
2025-06-30,35135.6186235855,19638.906396224414,20100.386032019065,1367.95839384336,1273.3681108545102,4556.94815468935,1241.7349025712808,5980.06079826941,18654.740254902263,2534.2040035924265,1295.4165804158874,8029.656398706203,1174.6104632093763,3897.480411778852,992.4770535086857,2827.767312792757,629.7061224499001,473.2767958624406
2025-07-31,35896.886701546166,20105.748584766516,20843.151748617536,1369.081770979212,1294.801202479426,4607.376879939254,1271.8305792379913,6237.1249963446535,19825.719604810507,2592.570439047769,1347.9119483980837,8503.849215085265,1181.1552625351342,3877.3022960429807,994.4129163248539,2811.594686016723,640.2114811427172,489.6453621929054
2025-08-31,36581.31269220642,20276.601351924972,21171.84878289546,1412.9453460966508,1385.4106643044918,4657.509947300837,1283.9634028738844,6310.790570431821,20084.188225602207,2645.769057964912,1395.6349916369713,8924.475453421619,1207.1866579756957,4041.8318893489954,1028.2793827161684,3067.9568154541657,686.2597813806244,590.2554675533586
2025-09-30,37873.49953979544,21371.657011554093,22360.381472751753,1439.408451655777,1426.4270331325033,5233.341594805026,1352.9921836085443,6972.31224047799,23261.97701066194,2740.0120561663202,1488.9514347067352,9809.472489881628,1336.950427874314,5409.3061679873035,1048.513868370886,3219.596080348745,708.0767920488431,639.3561922169478
2025-10-31,38732.73077244596,22391.868815115027,23411.25103102982,1475.5498087335302,1451.5426018678952,5938.951008720679,1417.670311644244,7596.365111408285,26258.584775911335,2805.3273601230167,1550.4322663590822,10376.977866589898,1511.6632502897723,7418.387809135332,1075.8506487578818,3433.434042343624,720.5725561899022,660.2723214680972
2025-11-30,38783.068533002646,22025.36360029717,23056.730113960602,1480.3134367630016,1463.866265077892,5771.75025483318,1395.5400523879694,7298.56857241766,24539.811937593167,2810.7973896385797,1547.2454074810119,10305.709979509238,1463.28810832865,6406.083690189263,1080.624418684948,3435.238376450353,727.9471964731491,665.3600315058784
2025-12-31,38762.740991773775,21865.12718685244,22934.666542596777,1491.0743475407114,1453.0237969577827,5819.385674959103,1386.1908891712096,7158.55272793193,23758.059828532725,2813.0389928644686,1541.239341381818,10214.229056239521,1487.2105719849042,6525.635166203663,1090.671188207747,3494.8032192358633,722.7834462012365,643.9826955571481
2026-01-31,39292.3547288314,22127.112817983645,23151.589856262624,1516.7981085576769,1530.2031658526146,6571.4145808331095,1403.2500855728902,7290.722870383055,24334.886963222478,2854.497233917063,1577.694846572307,10553.93947604613,1710.1810799273671,9593.60012386666,1110.2732696033636,3640.8477486477173,762.3932182953922,743.9598177044031
2026-02-28,38951.755052367844,21614.165515177363,22368.474202346548,1519.4491331772988,1541.1042357277033,6653.490735054102,1370.3502956378165,6912.511574252431,22315.993721030878,2829.82843355319,1543.6342330555187,10174.523039406615,1739.7625885405243,9745.755793586066,1113.0837996033995,3622.742901465391,767.5610733331071,746.6466035445195
2026-03-31,36967.83734960189,20557.83578369597,21305.142727050155,1437.659400717077,1461.4894636545841,6234.343326454624,1304.049206376763,6203.129025052075,18813.982628473637,2690.09261298929,1383.5153511923284,8576.35128956326,1624.0670951008362,7438.572147837302,1055.1877218208965,3037.069140779156,729.4814316295435,624.3260444787361
2026-04-30,40821.12020335836,23772.184224635053,24563.165034936817,1540.3655186840974,1639.1955694214612,8629.67126989852,1508.655640611654,8242.02686136609,28681.393275121125,2972.6942264729114,1678.9923220428407,11423.932532895295,2280.196852756357,19715.089127783704,1131.892714984058,3699.8012438596334,817.6369607547176,866.6714562594718
2026-05-31,42922.19775814171,26267.04087784281,26615.966168670606,1583.1873947875363,1709.1154672543041,10540.412323909364,1668.0976233150045,10012.460818023448,38169.63383915569,3129.1344823960467,1851.7984021293373,13192.616551794212,2812.0981636864108,34831.33519016023,1164.7376160365454,3985.4718494562403,854.2874673493509,971.7868427542663
2026-06-30,42465.231755821354,26217.828826861703,25867.102477211945,1623.1060620405324,1770.6048594433335,11705.07333341106,1665.6108055995549,9846.170452837052,36646.86664539813,3096.927612411222,1800.3933290775858,12566.842898511455,3167.806972881227,41409.75948143431,1194.4625067053353,4255.193107079317,885.8625889051111,1063.8834942138633
2026-07-31,42410.64710961076,24484.06511676151,25038.33681301192,1628.250693059768,1716.140817158594,9293.001605784384,1556.1156480793625,8514.149169438562,29236.055235420474,3098.00603823305,1789.9724822791338,12433.012819427275,2496.089025334281,17811.58455144962,1199.216041376547,4255.800276879061,858.5893521247407,957.5093324404776
2026-08-31,43522.877707414445,25508.287016651146,26022.194176002773,1649.9937968859608,1730.8412817918988,9477.011533591158,1621.1884608272228,9182.703471141207,32538.79418205782,3181.0306166676737,1878.1486426573426,13318.426444937428,2526.493634819945,17511.92917597835,1216.8061501874342,4396.041646312712,866.6385723263681,971.8152829328043
2026-09-30,43326.954162934235,26332.26456186644,26505.88268950998,1579.265754281247,1637.4100739990088,10375.471326989174,1674.9766904025091,9735.90583973287,35371.412857890806,3170.5541538663074,1855.5580257381685,13048.823559296201,2813.096090459571,22971.997560078707,1166.794680333283,3830.69043442828,821.4854267845667,818.3956049110403
2026-10-31,43411.383134501775,26412.850415840967,26516.28239631958,1579.9019711057585,1643.1297482161306,10540.100218295913,1680.09377216787,9795.959668272915,35688.728650603225,3176.2081501397115,1862.5165556828647,13118.07623918308,2851.1389914976185,23877.76509210499,1166.955302052767,3828.2566490612667,824.825804001267,827.3250640089879
